"dpto","coddepto","mpio","codmpio","codigo","LAT_CIU_NAC","LON_CIU_NAC","n"
"LA GUAJIRA","44","URIBIA","847","44-847","11.715202140100001","-72.265746284599999","3"
"LA GUAJIRA","44","MANAURE","560","44-560","11.7699944929","-72.441188298599997","2"
"LA GUAJIRA","44","MAICAO","430","44-430","11.3774000042","-72.243036152100004","30"
"LA GUAJIRA","44","RIOHACHA","001","44-001","11.5291254274","-72.912271254900006","56"
"LA GUAJIRA","44","DIBULLA","090","44-090",NA,NA,"0"
"MAGDALENA","47","SANTA MARTA","001","47-001","11.2257031416","-74.188397049599999","85"
"LA GUAJIRA","44","HATONUEVO","378","44-378","11.0672820787","-72.762501801499994","1"
"LA GUAJIRA","44","BARRANCAS","078","44-078","10.9531042648","-72.796187068899997","7"
"MAGDALENA","47","CIENAGA","189","47-189","11.007432811099999","-74.241368069000004","14"
"ATLANTICO","08","BARRANQUILLA","001","08-001","10.979649394699999","-74.818788094300004","464"
"MAGDALENA","47","SITIONUEVO","745","47-745",NA,NA,"0"
"ATLANTICO","08","PUERTO COLOMBIA","573","08-573","10.9855255232","-74.958761780800003","2"
"LA GUAJIRA","44","DISTRACCION","098","44-098",NA,NA,"0"
"LA GUAJIRA","44","FONSECA","279","44-279","10.8866438","-72.850471489599997","21"
"LA GUAJIRA","44","SAN JUAN DEL CESAR","650","44-650","10.7707349804","-73.001701387099999","28"
"MAGDALENA","47","PUEBLOVIEJO","570","47-570",NA,NA,"0"
"ATLANTICO","08","TUBARA","832","08-832","10.8739845528","-74.978611408800006","1"
"ATLANTICO","08","GALAPA","296","08-296","10.9042960533","-74.883135233399997","1"
"ATLANTICO","08","SOLEDAD","758","08-758","10.905632084100001","-74.792342186400006","11"
"ATLANTICO","08","MALAMBO","433","08-433","10.8125654841","-74.841115276400004","9"
"ATLANTICO","08","JUAN DE ACOSTA","372","08-372","10.829900784399999","-75.032145839199998","3"
"CESAR","20","VALLEDUPAR","001","20-001","10.4615184337","-73.258648343100006","296"
"MAGDALENA","47","ARACATACA","053","47-053","10.5906724298","-74.185859020400002","35"
"ATLANTICO","08","BARANOA","078","08-078","10.7899331958","-74.918107745399993","6"
"ATLANTICO","08","SABANAGRANDE","634","08-634","10.7907678504","-74.756848699599999","2"
"ATLANTICO","08","POLONUEVO","558","08-558",NA,NA,"0"
"ATLANTICO","08","PIOJO","549","08-549","10.740319853433901","-75.143935303466407","2"
"ATLANTICO","08","USIACURI","849","08-849",NA,NA,"0"
"BOLIVAR","13","SANTA CATALINA","673","13-673",NA,NA,"0"
"ATLANTICO","08","SANTO TOMAS","685","08-685","10.7580629353","-74.752439047500005","5"
"ATLANTICO","08","PALMAR DE VARELA","520","08-520","10.740602082000001","-74.753745930199997","2"
"MAGDALENA","47","EL RETEN","268","47-268",NA,NA,"0"
"MAGDALENA","47","REMOLINO","605","47-605","10.701847384400001","-74.716544936000005","1"
"ATLANTICO","08","SABANALARGA","638","08-638","10.633833411099999","-74.920625124400004","9"
"ATLANTICO","08","PONEDERA","560","08-560",NA,NA,"0"
"ATLANTICO","08","LURUACO","421","08-421","10.610862196299999","-75.142351644800002","3"
"BOLIVAR","13","CARTAGENA DE INDIAS","001","13-001","10.182784623","-75.511504465300007","318"
"BOLIVAR","13","CARTAGENA DE INDIAS","001","13-001","10.398816484399999","-75.501229215999999","37"
"CESAR","20","PUEBLO BELLO","570","20-570","10.4149687931","-73.587005944200001","6"
"MAGDALENA","47","PIVIJAY","551","47-551","10.461344009399999","-74.615395704700006","4"
"LA GUAJIRA","44","VILLANUEVA","874","44-874","10.444452630800001","-75.276221979200002","7"
"LA GUAJIRA","44","EL MOLINO","110","44-110","10651063157","-729216582848","2"
"MAGDALENA","47","FUNDACION","288","47-288","10.5138500419","-74.191181915900003","7"
"BOLIVAR","13","CLEMENCIA","222","13-222",NA,NA,"0"
"ATLANTICO","08","REPELON","606","08-606","104943070644","-751245913597","1"
"MAGDALENA","47","SALAMINA","675","47-675",NA,NA,"0"
"ATLANTICO","08","CANDELARIA","141","08-141","10.459177863300001","-74.879124833800006","2"
"LA GUAJIRA","44","URUMITA","855","44-855","10.5599833381","-73.013371687900005","3"
"ATLANTICO","08","MANATI","436","08-436",NA,NA,"0"
"BOLIVAR","13","SANTA ROSA","683","13-683","10.4454727189","-75.369102429799995","1"
"BOLIVAR","13","VILLANUEVA","873","13-873","10.444452630800001","-75.276221979200002","5"
"MAGDALENA","47","EL PIÑON","258","47-258","10.4010789014","-74.825111399400001","1"
"ATLANTICO","08","CAMPO DE LA CRUZ","137","08-137",NA,NA,"0"
"CESAR","20","LA PAZ","621","20-621","10.3864677933","-73.172691305200004","10"
"BOLIVAR","13","SAN ESTANISLAO","647","13-647","103982507972","-751500702017","1"
"CESAR","20","MANAURE","443","20-443",NA,NA,"0"
"BOLIVAR","13","SOPLAVIENTO","760","13-760",NA,NA,"0"
"BOLIVAR","13","SAN CRISTOBAL","620","13-620",NA,NA,"0"
"BOLIVAR","13","TURBACO","836","13-836","10.3357902885","-75.415546908899998","1"
"CESAR","20","EL COPEY","238","20-238","10.1491321093","-73.961370250800002","8"
"ATLANTICO","08","SANTA LUCIA","675","08-675",NA,NA,"0"
"MAGDALENA","47","CERRO SAN ANTONIO","161","47-161","10.326261587599999","-74.8687983704","2"
"BOLIVAR","13","CALAMAR","140","13-140","10.251024810600001","-74.913809567499996","3"
"CESAR","20","SAN DIEGO","750","20-750","10.3336927783","-73.180728795600004","3"
"ATLANTICO","08","SUAN","770","08-770",NA,NA,"0"
"BOLIVAR","13","ARJONA","052","13-052","10.2572499523","-75.345527596300002","5"
"BOLIVAR","13","MAHATES","433","13-433","102331675046","-751906885946","1"
"BOLIVAR","13","TURBANA","838","13-838","102707782012","-754443201111","1"
"MAGDALENA","47","PEDRAZA","541","47-541","10.1869655901","-74.916535340999999","2"
"MAGDALENA","47","CHIVOLO","170","47-170",NA,NA,"0"
"CESAR","20","AGUSTIN CODAZZI","013","20-013","10.0403645547","-73.237431448600006","28"
"BOLIVAR","13","EL GUAMO","248","13-248",NA,NA,"0"
"SUCRE","70","SAN ONOFRE","713","70-713","9.7333918764899998","-75.530327311999997","23"
"BOLIVAR","13","SAN JUAN NEPOMUCENO","657","13-657","9.9513812767700003","-75.083666304199994","12"
"BOLIVAR","13","MARIA LA BAJA","442","13-442","10.051981853199999","-75.268165475700002","5"
"CESAR","20","BOSCONIA","060","20-060","9.9743719942299993","-73.888041926","1"
"MAGDALENA","47","TENERIFE","798","47-798",NA,NA,"0"
"MAGDALENA","47","PLATO","555","47-555","9.7934026060800008","-74.7836448308","23"
"MAGDALENA","47","ARIGUAINI","058","47-058","9.8473724010700003","-74.236215559499996","1"
"CESAR","20","BECERRIL","045","20-045","9.7041336708100001","-73.278107336299996","3"
"BOLIVAR","13","SAN JACINTO","654","13-654","9.8306577525299996","-75.121744799300004","10"
"BOLIVAR","13","EL CARMEN DE BOLIVAR","244","13-244","9.7180342209900008","-75.121138832499994","23"
"CESAR","20","EL PASO","250","20-250",NA,NA,"0"
"BOLIVAR","13","ZAMBRANO","894","13-894","9.7514024508299997","-74.825881386099994","1"
"MAGDALENA","47","SANTA ANA","707","47-707","9.3228617806600003","-74.567418110000006","4"
"MAGDALENA","47","PIJIÑO DEL CARMEN","545","47-545",NA,NA,"0"
"SUCRE","70","OVEJAS","508","70-508","9.5259859640600002","-75.228807686799996","8"
"CESAR","20","LA JAGUA DE IBIRICO","400","20-400","9.56286705626","-73.335551810699997","2"
"SUCRE","70","CHALAN","230","70-230",NA,NA,"0"
"BOLIVAR","13","CORDOBA","212","13-212","0,853665965806","-7751806895","5"
"SUCRE","70","TOLUVIEJO","823","70-823","9.4531879946099995","-75.439555788199996","4"
"SUCRE","70","COLOSO","204","70-204","949094661829","-753557164394","1"
"CESAR","20","CHIRIGUANA","178","20-178","9.3613794200099996","-73.6009132147","6"
"CESAR","20","ASTREA","032","20-032","9.4953343531299996","-73.975390025400003","1"
"SUCRE","70","SAN PEDRO","717","70-717","3.9941572444900002","-76.229433837000002","4"
"CESAR","20","CHIMICHAGUA","175","20-175","9.2578810819499999","-73.813083302899997","24"
"SUCRE","70","LOS PALMITOS","418","70-418","9.3801770600999994","-75.268132589999993","10"
"SUCRE","70","MORROA","473","70-473","9.3289249426499996","-75.310398605200007","3"
"MAGDALENA","47","SAN SEBASTIAN DE BUENAVISTA","692","47-692","9.2409842482299993","-74.347474612100001","6"
"MAGDALENA","47","SAN ZENON","703","47-703","9.2440070738200006","-74.499733834400004","5"
"BOLIVAR","13","MAGANGUE","430","13-430","8.9926133575100007","-74.586727982900001","59"
"SUCRE","70","BUENAVISTA","110","70-110","5.51174852719","-73.940999029300002","2"
"CORDOBA","23","SAN ANTERO","672","23-672","9.3709325454000005","-75.762201966999996","2"
"CORDOBA","23","SAN BERNARDO DEL VIENTO","675","23-675","9.3538779934199994","-75.954044490499996","10"
"SUCRE","70","SINCELEJO","001","70-001","9.2524433346499997","-75.476706269800005","193"
"BOLIVAR","13","TALAIGUA NUEVO","780","13-780","9.3054028081200002","-74.567911851000005","3"
"SUCRE","70","SINCE","742","70-742","9.2444824429299999","-75.146672038099993","13"
"SUCRE","70","PALMITO","523","70-523",NA,NA,"0"
"SUCRE","70","SAN JUAN DE BETULIA","702","70-702","9.2745724339100004","-75.242996911099993","4"
"CESAR","20","CURUMANI","228","20-228","9.2003397841000005","-73.541364273799999","4"
"MAGDALENA","47","GUAMAL","318","47-318","3.8797436036900002","-73.770120376199998","10"
"SUCRE","70","COROZAL","215","70-215","9.3206841447900004","-75.292023407100004","49"
"MAGDALENA","47","EL BANCO","245","47-245","8.9983182735200007","-73.979391715000006","12"
"CORDOBA","23","MOÑITOS","500","23-500","9.2447099641400001","-76.134916122000007","2"
"CORDOBA","23","LORICA","417","23-417","9.1050102948599996","-75.806645409799998","41"
"CORDOBA","23","PURISIMA","586","23-586",NA,NA,"0"
"CORDOBA","23","MOMIL","464","23-464","9.2400215691300005","-75.676672983800003","1"
"BOLIVAR","13","MOMPOS","468","13-468","9.2410219737200006","-74.425799429600005","17"
"BOLIVAR","13","CICUCO","188","13-188",NA,NA,"0"
"NORTE DE SANTANDER","54","EL CARMEN","245","54-245","8.5107588243700008","-73.4467753988","7"
"CORDOBA","23","SAN ANDRES DE SOTAVENTO","670","23-670","9.0586451369300001","-75.571339112700002","6"
"CORDOBA","23","SAN ANDRES DE SOTAVENTO","670","23-670","9.1448862468299996","-75.508699462600006","1"
"NORTE DE SANTANDER","54","CONVENCION","206","54-206","8.4699950178600005","-73.337194928200006","7"
"BOLIVAR","13","SAN FERNANDO","650","13-650","9.2188713579599995","-74.334914826900004","1"
"SUCRE","70","SAMPUES","670","70-670","9.1824393290999993","-75.379179640999993","2"
"CORDOBA","23","CHIMA","168","23-168","9.14934447081","-75.627381814800003","3"
"BOLIVAR","13","MARGARITA","440","13-440","9.1591402362299998","-74.293740632999999","2"
"SUCRE","70","GALERAS","235","70-235","9.1598032804299994","-75.049336492799995","8"
"CORDOBA","23","COTORRA","300","23-300","9.04026968268","-75.785568070599993","6"
"CORDOBA","23","CHINU","182","23-182","9.1041527726599991","-75.401674924199995","19"
"NORTE DE SANTANDER","54","TEORAMA","800","54-800","843723373402","-732869854333","1"
"CORDOBA","23","PUERTO ESCONDIDO","574","23-574","9.0021912043200008","-76.261474718399995","1"
"NORTE DE SANTANDER","54","TIBU","810","54-810","8.6397177005099994","-72.735919371700007","9"
"SUCRE","70","SAN BENITO ABAD","678","70-678","8.9299244078199997","-75.031369033800004","6"
"CORDOBA","23","SAN PELAYO","686","23-686","8.9526152579700007","-75.8322173185","4"
"CESAR","20","TAMALAMEQUE","787","20-787",NA,NA,"0"
"BOLIVAR","13","PINILLOS","549","13-549",NA,NA,"0"
"CESAR","20","PAILITAS","517","20-517","893887217771","-735721450529","1"
"SUCRE","70","SUCRE","771","70-771","5.9190325784300004","-73.791490451599998","3"
"CORDOBA","23","CIENAGA DE ORO","189","23-189","8.8781765951799994","-75.622109338599998","11"
"BOLIVAR","13","HATILLO DE LOBA","300","13-300","894870933834","-742215352836","1"
"CORDOBA","23","SAHAGUN","660","23-660","8.9425025522400006","-75.436794027000005","57"
"BOLIVAR","13","EL PEÑON","268","13-268","5.2490834127500001","-74.290162590400001","1"
"BOLIVAR","13","SAN MARTIN DE LOBA","667","13-667","8.9371648134400008","-74.038254518100004","7"
"CORDOBA","23","LOS CORDOBAS","419","23-419","8.8951087807700002","-76.354709991999997","1"
"CORDOBA","23","CERETE","162","23-162","8.8866615532700006","-75.791881862599993","46"
"BOLIVAR","13","BARRANCO DE LOBA","074","13-074","8.8714088661399995","-74.118873698000002","2"
"CORDOBA","23","MONTERIA","001","23-001","8.4570969831999996","-76.125082070800005","355"
"SUCRE","70","CAIMITO","124","70-124","8.7890251027299993","-75.116089075800005","3"
"ANTIOQUIA","05","ARBOLETES","051","05-051","8.8500062659599994","-76.426680404799995","15"
"CESAR","20","PELAYA","550","20-550","8.6873247186500002","-73.661830632999994","2"
"SUCRE","70","LA UNION","400","70-400","1.5924771767300001","-77.128385668000007","5"
"CORDOBA","23","SAN CARLOS","678","23-678","6.1283182189099996","-74.835421823800004","8"
"CORDOBA","23","CANALETE","090","23-090","8.7876009174499998","-76.240753260399998","1"
"NORTE DE SANTANDER","54","EL TARRA","250","54-250",NA,NA,"0"
"BOLIVAR","13","ALTOS DEL ROSARIO","030","13-030",NA,NA,"0"
"BOLIVAR","13","REGIDOR","580","13-580",NA,NA,"0"
"ANTIOQUIA","05","SAN JUAN DE URABA","659","05-659","8.7594906053199999","-76.528889794099996","7"
"BOLIVAR","13","ACHI","006","13-006","8.5678524303699994","-74.555491767999996","119"
"CESAR","20","LA GLORIA","383","20-383","8.6180151291300007","-73.801111410399997","1"
"SUCRE","70","MAJAGUAL","429","70-429","8.5429896322599994","-74.627893371400006","4"
"SUCRE","70","SAN MARCOS","708","70-708","8.6640358468900001","-75.139022323199995","12"
"ANTIOQUIA","05","NECOCLI","490","05-490","8.4260252809900003","-76.787621253500006","2"
"BOLIVAR","13","RIO VIEJO","600","13-600",NA,NA,"0"
"CHOCO","27","ACANDI","006","27-006","8.5109498958999996","-77.2786180632","2"
"BOLIVAR","13","TIQUISIO","810","13-810","8.4924392090634999","-74.296633481905701","2"
"ANTIOQUIA","05","SAN PEDRO DE URABA","665","05-665","8.2780643073300002","-76.382562127900002","7"
"CORDOBA","23","PUEBLO NUEVO","570","23-570","8.4979236175300006","-75.416421840400005","164"
"NORTE DE SANTANDER","54","SAN CALIXTO","670","54-670",NA,NA,"0"
"CORDOBA","23","PLANETA RICA","555","23-555","8.3735415369999995","-75.546704197300002","51"
"SUCRE","70","GUARANDA","265","70-265",NA,NA,"0"
"CESAR","20","AGUACHICA","011","20-011","8.3101209692900007","-73.601300449500002","23"
"CORDOBA","23","AYAPEL","068","23-068","8.3111319614199992","-75.147011637899993","12"
"NORTE DE SANTANDER","54","HACARI","344","54-344","8.3216294059399996","-73.145908407600004","4"
"CESAR","20","GAMARRA","295","20-295","832160639331","-737425300764","1"
"BOLIVAR","13","MORALES","473","13-473",NA,NA,"0"
"BOLIVAR","13","MONTECRISTO","458","13-458","8.01924600103","-74.462610317900001","12"
"CESAR","20","GONZALEZ","310","20-310",NA,NA,"0"
"NORTE DE SANTANDER","54","SARDINATA","720","54-720","8.0805860364399997","-72.798260811899993","7"
"ANTIOQUIA","05","TURBO","837","05-837","8.0940967379999993","-76.726431831200003","23"
"CORDOBA","23","VALENCIA","855","23-855",NA,NA,"0"
"NORTE DE SANTANDER","54","CUCUTA","001","54-001","7.9052671165500001","-72.505590965899998","465"
"NORTE DE SANTANDER","54","OCAÑA","498","54-498","8.2466663649799994","-73.355195715799994","88"
"BOLIVAR","13","SAN JACINTO DEL CAUCA","655","13-655",NA,NA,"0"
"NORTE DE SANTANDER","54","PUERTO SANTANDER","553","54-553",NA,NA,"0"
"CHOCO","27","UNGUIA","800","27-800","8.0436327150300002","-77.093229483299993","4"
"CORDOBA","23","BUENAVISTA","079","23-079","5.51174852719","-73.940999029300002","1"
"CORDOBA","23","TIERRALTA","807","23-807","8.11258899129","-75.912913973900004","26"
"NORTE DE SANTANDER","54","LA PLAYA","398","54-398","8.2135938264000004","-73.238139088400004","4"
"CESAR","20","RIO DE ORO","614","20-614","8.2920539559699993","-73.387070526200006","8"
"BOLIVAR","13","ARENAL","042","13-042",NA,NA,"0"
"NORTE DE SANTANDER","54","EL ZULIA","261","54-261",NA,NA,"0"
"NORTE DE SANTANDER","54","ABREGO","003","54-003","8.0812041838099997","-73.221417432799996","10"
"ANTIOQUIA","05","NECHI","495","05-495","8.0887464336499999","-74.776339588799999","6"
"NORTE DE SANTANDER","54","BUCARASICA","109","54-109",NA,NA,"0"
"CORDOBA","23","MONTELIBANO","466","23-466","7.9857006146599998","-75.408849720899994","52"
"ANTIOQUIA","05","EL BAGRE","250","05-250","7.43809736535","-74.687528412700004","48"
"BOLIVAR","13","SIMITI","744","13-744",NA,NA,"0"
"CORDOBA","23","LA APARTADA","350","23-350",NA,NA,"0"
"SANTANDER","68","PUERTO WILCHES","575","68-575","7.3493740016900002","-73.898128607199993","8"
"BOLIVAR","13","SANTA ROSA DEL SUR","688","13-688","7.9631911032499998","-74.051446067900002","22"
"CESAR","20","SAN MARTIN","770","20-770","7.999580","-73.510987","1"
"NORTE DE SANTANDER","54","VILLA CARO","871","54-871",NA,NA,"0"
"ANTIOQUIA","05","APARTADO","045","05-045","7.8827166962200002","-76.626185972399995","72"
"ANTIOQUIA","05","CAUCASIA","154","05-154","7.9777603699400004","-75.198514343499994","66"
"CESAR","20","SAN ALBERTO","710","20-710","7.7093809827199999","-73.432771020900006","21"
"NORTE DE SANTANDER","54","LOURDES","418","54-418","7.9452358689100002","-72.832046913300005","2"
"NORTE DE SANTANDER","54","GRAMALOTE","313","54-313",NA,NA,"0"
"ANTIOQUIA","05","CACERES","120","05-120","7.5750651930300004","-75.352980171699997","488"
"CORDOBA","23","PUERTO LIBERTADOR","580","23-580","7.8892792139100001","-75.672022286900003","2"
"NORTE DE SANTANDER","54","SANTIAGO","680","54-680","1.1465700937000001","-77.002511406799997","1"
"NORTE DE SANTANDER","54","SAN CAYETANO","673","54-673",NA,NA,"0"
"CHOCO","27","RIOSUCIO","615","27-615","5.4239534746100002","-75.702318848900006","6"
"ANTIOQUIA","05","CAREPA","147","05-147","7.7542041946799998","-76.6531189552","7"
"NORTE DE SANTANDER","54","SALAZAR","660","54-660","7.7727182845999998","-72.808768623199995","3"
"NORTE DE SANTANDER","54","VILLA DEL ROSARIO","874","54-874","7.84904659595","-72.470519245800006","6"
"NORTE DE SANTANDER","54","CACHIRA","128","54-128","7.73974335671","-73.049649211499997","3"
"NORTE DE SANTANDER","54","DURANIA","239","54-239","7.7142189978599998","-72.656198075399999","2"
"NORTE DE SANTANDER","54","LOS PATIOS","405","54-405","7.8334926728200003","-72.506036746899994","3"
"NORTE DE SANTANDER","54","LA ESPERANZA","385","54-385",NA,NA,"0"
"ANTIOQUIA","05","CHIGORODO","172","05-172","7.6661564494899999","-76.681564724599994","27"
"ANTIOQUIA","05","TARAZA","790","05-790","7.5816113529500004","-75.399710996500005","10"
"NORTE DE SANTANDER","54","BOCHALEMA","099","54-099","7.6120678096100001","-72.647281726900005","4"
"SANTANDER","68","RIONEGRO","615","68-615","6.1462200604100001","-75.376255755100004","4"
"NORTE DE SANTANDER","54","ARBOLEDAS","051","54-051","7.6426906647599999","-72.798834000799999","3"
"ANTIOQUIA","05","ZARAGOZA","895","05-895","7.4881496719999996","-74.867961740200002","11"
"SANTANDER","68","SABANA DE TORRES","655","68-655","7.3951715770100002","-73.498345776400001","1"
"NORTE DE SANTANDER","54","CHINACOTA","172","54-172","7.6025629692000001","-72.602450290600004","19"
"NORTE DE SANTANDER","54","RAGONVALIA","599","54-599","7.5774622776799996","-72.476019227199998","3"
"SANTANDER","68","SURATA","780","68-780","7.3671715554199997","-72.984277197500006","1"
"NORTE DE SANTANDER","54","CUCUTILLA","223","54-223","7.5391738761099996","-72.772446765200002","1"
"SANTANDER","68","EL PLAYON","255","68-255","7.4727183580099998","-73.204620351800003","2"
"NORTE DE SANTANDER","54","PAMPLONITA","520","54-520",NA,NA,"0"
"NORTE DE SANTANDER","54","HERRAN","347","54-347",NA,NA,"0"
"BOLIVAR","13","SAN PABLO","670","13-670","1.6691580391700001","-77.012728339700004","6"
"SANTANDER","68","CALIFORNIA","132","68-132",NA,NA,"0"
"CHOCO","27","JURADO","372","27-372","7.1060395952300004","-77.764617102599999","4"
"ANTIOQUIA","05","SEGOVIA","736","05-736","7.0810824770499998","-74.699062457899998","21"
"SANTANDER","68","VETAS","867","68-867","7.3093813606299998","-72.870741320899995","1"
"NORTE DE SANTANDER","54","TOLEDO","820","54-820","7.0162878518899996","-75.713584912399995","14"
"SANTANDER","68","MATANZA","444","68-444",NA,NA,"0"
"BOLIVAR","13","CANTAGALLO","160","13-160",NA,NA,"0"
"NORTE DE SANTANDER","54","PAMPLONA","518","54-518","7.3751941484500003","-72.648211059000005","96"
"ANTIOQUIA","05","ANORI","040","05-040","7.0780083333199997","-75.148399900200005","17"
"ANTIOQUIA","05","VALDIVIA","854","05-854","7.1631376806400002","-75.439711915299995","6"
"ANTIOQUIA","05","ITUANGO","361","05-361","7.1716230103600003","-75.764166560000007","31"
"SANTANDER","68","LEBRIJA","406","68-406","7.1133221939400002","-73.219673396800005","3"
"NORTE DE SANTANDER","54","LABATECA","377","54-377","7.2993912065100002","-72.494926832800004","3"
"NORTE DE SANTANDER","54","MUTISCUA","480","54-480","7.3002400822900002","-72.747080146499997","1"
"SANTANDER","68","CHARTA","169","68-169",NA,NA,"0"
"NORTE DE SANTANDER","54","CACOTA","125","54-125",NA,NA,"0"
"NORTE DE SANTANDER","54","SILOS","743","54-743",NA,NA,"0"
"ANTIOQUIA","05","AMALFI","031","05-031","6.9088742895699999","-75.073147583999997","28"
"ANTIOQUIA","05","YONDO","893","05-893","7.00260352994","-73.909890075199996","2"
"SANTANDER","68","GIRON","307","68-307","7.0717740124499997","-73.168312685299995","5"
"ANTIOQUIA","05","REMEDIOS","604","05-604","7.0287935872","-74.690462799599999","11"
"SANTANDER","68","TONA","820","68-820","7.1995257908000001","-72.968257265099993","1"
"ANTIOQUIA","05","YARUMAL","887","05-887","6.9655797000100002","-75.419598406199995","105"
"NORTE DE SANTANDER","54","CHITAGA","174","54-174","7.13853760731","-72.664809710499995","2"
"SANTANDER","68","BUCARAMANGA","001","68-001","7.1227872853400003","-73.132325230999996","718"
"SANTANDER","68","BARRANCABERMEJA","081","68-081","7.0615484225199996","-73.852494396099999","98"
"ANTIOQUIA","05","BRICEÑO","107","05-107","5.6901643120300003","-73.923303998700007","6"
"ANTIOQUIA","05","PEQUE","543","05-543","692583427774","-758293466882","8"
"ANTIOQUIA","05","DABEIBA","234","05-234","7.0000340263499998","-76.262974097200001","17"
"ANTIOQUIA","05","CAMPAMENTO","134","05-134","6.9789898202499998","-75.295333440600004","4"
"SANTANDER","68","SAN VICENTE DE CHUCURI","689","68-689","6.8798133401100001","-73.410018280800003","16"
"SANTANDER","68","FLORIDABLANCA","276","68-276","7.0773217204299996","-73.099121636999996","17"
"SANTANDER","68","BETULIA","092","68-092","6.1090998070799998","-75.984190747900001","1"
"SANTANDER","68","PIEDECUESTA","547","68-547","6.9954748417300001","-73.054308260599996","13"
"ANTIOQUIA","05","TOLEDO","819","05-819","7.0162878518899996","-75.713584912399995","2"
"ARAUCA","81","ARAUCA","001","81-001","7.0777365019699996","-70.762773048","233"
"SANTANDER","68","SANTA BARBARA","705","68-705",NA,NA,"0"
"ANTIOQUIA","05","SABANALARGA","628","05-628","10.633833411099999","-74.920625124400004","7"
"ARAUCA","81","SARAVENA","736","81-736","6.95387794066","-71.873949477799997","48"
"ARAUCA","81","ARAUQUITA","065","81-065","7.02931365346","-71.4276395909","25"
"SANTANDER","68","GUACA","318","68-318","6.8768722814599998","-72.856084429500001","2"
"ANTIOQUIA","05","URAMITA","842","05-842","6.8935930229400002","-76.170410535599999","2"
"BOYACA","15","CUBARA","223","15-223","7.0037332728599999","-72.106029804499997","3"
"ANTIOQUIA","05","MURINDO","475","05-475","6.9769671666899997","-76.819986521199993","3"
"ANTIOQUIA","05","SAN ANDRES DE CUERQUIA","647","05-647","6.9236096390800004","-75.672773119699997","7"
"ANTIOQUIA","05","CAÑASGORDAS","138","05-138","6.75976724617","-76.0302047407","12"
"SANTANDER","68","CERRITO","162","68-162","6.8431176162499998","-72.694727692100003","1"
"SANTANDER","68","ZAPATOCA","895","68-895","6.8138440669099998","-73.270855505900002","2"
"ANTIOQUIA","05","BURITICA","113","05-113","6.7198842194199999","-75.906264110199999","4"
"ANTIOQUIA","05","VEGACHI","858","05-858","6.7671621993100004","-74.793251760700002","5"
"ANTIOQUIA","05","ANGOSTURA","038","05-038","6.8853661929400003","-75.334947988799996","9"
"ANTIOQUIA","05","GUADALUPE","315","05-315","2.0229734854800001","-75.759038641800004","8"
"SANTANDER","68","SIMACOTA","745","68-745","6.4434722366899999","-73.337409333300002","2"
"SANTANDER","68","SAN ANDRES","669","68-669","12.582988417899999","-81.696041480600002","4"
"ANTIOQUIA","05","FRONTINO","284","05-284","6.7755850143199998","-76.131223396899998","19"
"ANTIOQUIA","05","SAN JOSE DE LA MONTAÑA","658","05-658","6.8497412067200001","-75.684082190599995","2"
"ANTIOQUIA","05","GOMEZ PLATA","310","05-310","6.6841194477399997","-75.221755554400005","20"
"SANTANDER","68","CONCEPCION","207","68-207","6.3939760788899997","-75.256527061","4"
"SANTANDER","68","LOS SANTOS","418","68-418",NA,NA,"0"
"CHOCO","27","BOJAYA","099","27-099","6.5663886203099997","-76.892502216599993","2"
"SANTANDER","68","EL CARMEN DE CHUCURI","235","68-235","6.6979116047699998","-73.513123706800002","1"
"ANTIOQUIA","05","SANTA ROSA DE OSOS","686","05-686","6.6451724959699998","-75.460079680000007","35"
"SANTANDER","68","PUERTO PARRA","573","68-573",NA,NA,"0"
"ARAUCA","81","FORTUL","300","81-300","6.7992559028399997","-71.767860744499998","5"
"ANTIOQUIA","05","VIGIA DEL FUERTE","873","05-873","6.4633534342817001","-76.707782633428593","9"
"BOYACA","15","CHISCAS","180","15-180","6.5534916425400001","-72.500293153399994","4"
"ANTIOQUIA","05","CAROLINA","150","05-150","6.7259943524799999","-75.283599938099997","7"
"ANTIOQUIA","05","YOLOMBO","890","05-890","6.5946885816699998","-75.013528798500005","21"
"SANTANDER","68","ARATOCA","051","68-051",NA,NA,"0"
"CHOCO","27","BAHIA SOLANO","075","27-075","6.2244703848","-77.403773096400002","6"
"SANTANDER","68","CEPITA","160","68-160",NA,NA,"0"
"ANTIOQUIA","05","LIBORINA","411","05-411","6.6763586891999998","-75.813675962700003","3"
"ANTIOQUIA","05","BELMIRA","086","05-086","6.6061759441400003","-75.668214863399996","4"
"ANTIOQUIA","05","YALI","885","05-885","6.6682525799799999","-74.841174757100006","13"
"SANTANDER","68","GALAN","296","68-296",NA,NA,"0"
"SANTANDER","68","MALAGA","432","68-432","6.7021775212000003","-72.732133305999994","57"
"SANTANDER","68","CIMITARRA","190","68-190","6.3136908943099996","-73.954893941899996","2"
"SANTANDER","68","VILLANUEVA","872","68-872","10.444452630800001","-75.276221979200002","3"
"ANTIOQUIA","05","ABRIAQUI","004","05-004","6.6339560277","-76.063158265300004","8"
"SANTANDER","68","CARCASI","152","68-152","6.6267342970099996","-72.626411528999995","1"
"ANTIOQUIA","05","PUERTO BERRIO","579","05-579","6.4900665390999999","-74.404636308700006","30"
"SANTANDER","68","JORDAN","370","68-370",NA,NA,"0"
"BOYACA","15","GUICAN","332","15-332","6.4629295874199997","-72.412060131900006","15"
"ANTIOQUIA","05","GIRALDO","306","05-306","6.6783012295899997","-75.949772275900003","7"
"SANTANDER","68","BARICHARA","079","68-079","6.6353492628600002","-73.222681975499995","9"
"SANTANDER","68","ENCISO","266","68-266","6.6697234766899998","-72.700138575599993","1"
"SANTANDER","68","MOLAGAVITA","468","68-468","6.6738455098399996","-72.809031675900002","1"
"ARAUCA","81","CRAVO NORTE","220","81-220","6.3033936986399999","-70.203567560300002","11"
"ARAUCA","81","TAME","794","81-794","6.4565381147399998","-71.743653263499993","64"
"SANTANDER","68","SAN JOSE DE MIRANDA","684","68-684","6.6586642203100004","-72.7333821183","3"
"ANTIOQUIA","05","ENTRERRIOS","264","05-264","6.5666500492599997","-75.517154846599993","21"
"SANTANDER","68","CURITI","229","68-229","6.6045979937799997","-73.068958803499996","2"
"ARAUCA","81","PUERTO RONDON","591","81-591","6.2798633856499997","-71.103069429599998","7"
"ANTIOQUIA","05","OLAYA","501","05-501",NA,NA,"0"
"ANTIOQUIA","05","SANTA FE DE ANTIOQUIA","042","05-042","6.5582689861999999","-75.827232381800002","15"
"SANTANDER","68","CABRERA","121","68-121",NA,NA,"0"
"SANTANDER","68","SAN GIL","679","68-679","6.5492726247800004","-73.128570220100002","83"
"ANTIOQUIA","05","MACEO","425","05-425","6.5531160854100001","-74.787847714999998","6"
"SANTANDER","68","MOGOTES","464","68-464","6.4753872690199996","-72.970462290100002","5"
"SANTANDER","68","HATO","344","68-344",NA,NA,"0"
"ANTIOQUIA","05","SOPETRAN","761","05-761","6.50313220449","-75.745937366000007","48"
"SANTANDER","68","SAN MIGUEL","686","68-686","6.5766434498399997","-72.646501115999996","2"
"ANTIOQUIA","05","URRAO","847","05-847","6.3140011761699997","-76.132240465999999","24"
"SANTANDER","68","CAPITANEJO","147","68-147","6.5305693198199997","-72.695635162100004","7"
"ANTIOQUIA","05","CISNEROS","190","05-190","6.5388751989599996","-75.0862390602","25"
"SANTANDER","68","MACARAVITA","425","68-425","6.5067679848899997","-72.593288877999996","3"
"BOYACA","15","COVARACHIA","218","15-218",NA,NA,"0"
"ANTIOQUIA","05","DONMATIAS","237","05-237","6.4858853462599999","-75.394095164500001","23"
"ANTIOQUIA","05","SANTO DOMINGO","690","05-690","6.4747846177300001","-75.167748819899998","10"
"SANTANDER","68","PINCHOTE","549","68-549",NA,NA,"0"
"SANTANDER","68","PALMAR","522","68-522",NA,NA,"0"
"SANTANDER","68","SAN JOAQUIN","682","68-682","6.4275490366400003","-72.867703252599995","2"
"SANTANDER","68","ONZAGA","502","68-502","6.3446118976500001","-72.813931047200001","1"
"ANTIOQUIA","05","SAN ROQUE","670","05-670","6.4848118494499998","-75.0222636421","9"
"SANTANDER","68","VELEZ","861","68-861","6.0075805599200001","-73.674520419399997","43"
"SANTANDER","68","LANDAZURI","385","68-385","6.2193870002800002","-73.809098797100006","3"
"SANTANDER","68","SOCORRO","755","68-755","6.4636909745200004","-73.261130959200003","38"
"ANTIOQUIA","05","CAICEDO","125","05-125","6.4057875896600001","-75.984153352000007","2"
"ANTIOQUIA","05","BARBOSA","079","05-079","5.93031783104","-73.617560271100004","53"
"BOYACA","15","EL ESPINO","248","15-248","6.4826131396999997","-72.496322112800001","1"
"ANTIOQUIA","05","SAN PEDRO","664","05-664","6.3948361122900002","-75.645653385200006","14"
"ANTIOQUIA","05","SAN JERONIMO","656","05-656","6.4430637921500002","-75.727817825599999","4"
"SANTANDER","68","SANTA HELENA DEL OPON","720","68-720",NA,NA,"0"
"SANTANDER","68","PARAMO","533","68-533",NA,NA,"0"
"BOYACA","15","GUACAMAYAS","317","15-317","6.4597119739500002","-72.500600212999998","1"
"SANTANDER","68","VALLE DE SAN JOSE","855","68-855",NA,NA,"0"
"BOYACA","15","SAN MATEO","673","15-673","6.4018342135299999","-72.554942865900003","9"
"SANTANDER","68","CHIMA","176","68-176",NA,NA,"0"
"BOYACA","15","PANQUEBA","522","15-522","6.4425689134699997","-72.458939196200006","5"
"BOYACA","15","TIPACOQUE","810","15-810","6.4150258302500003","-72.690192330100004","2"
"ANTIOQUIA","05","CARACOLI","142","05-142","6.4025092280200004","-74.759202503200001","12"
"ANTIOQUIA","05","CONCEPCION","206","05-206","6.3939760788899997","-75.256527061","4"
"ANTIOQUIA","05","GIRARDOTA","308","05-308","6.37934992894","-75.443698985300003","44"
"BOYACA","15","BOAVITA","097","15-097","6.33067803458","-72.584775224300003","12"
"ANTIOQUIA","05","COPACABANA","212","05-212","6.3582275309099998","-75.502422676099997","42"
"ANTIOQUIA","05","BELLO","088","05-088","6.3337855624700001","-75.554447576100003","434"
"ANTIOQUIA","05","EBEJICO","240","05-240","6.29399776169","-75.784519497900007","13"
"SANTANDER","68","PALMAS DEL SOCORRO","524","68-524",NA,NA,"0"
"ANTIOQUIA","05","ANZA","044","05-044","6.3022304684300003","-75.853713331999998","4"
"ANTIOQUIA","05","ALEJANDRIA","021","05-021","6.3744738015299998","-75.143097412399996","9"
"BOYACA","15","EL COCUY","244","15-244","6.4103780277900002","-72.445412764799997","14"
"ANTIOQUIA","05","SAN RAFAEL","667","05-667","6.2939497363800001","-75.028249520599999","16"
"SANTANDER","68","CONFINES","209","68-209",NA,NA,"0"
"SANTANDER","68","OCAMONTE","498","68-498",NA,NA,"0"
"ANTIOQUIA","05","MEDELLIN","001","05-001","6.2489408095599996","-75.577055625599996","7214"
"ANTIOQUIA","05","SAN VICENTE FERRER","674","05-674","6.2794048714799997","-75.334796043200001","16"
"SANTANDER","68","COROMORO","217","68-217",NA,NA,"0"
"SANTANDER","68","CONTRATACION","211","68-211","6.29046114389","-73.474389992300004","5"
"SANTANDER","68","LA PAZ","397","68-397","10.3864677933","-73.172691305200004","4"
"SANTANDER","68","CHARALA","167","68-167","6.2853351216600002","-73.1466694378","11"
"BOYACA","15","SOATA","753","15-753","6.3336541858500004","-72.683317404600004","41"
"SANTANDER","68","GUAPOTA","322","68-322","63083874905","-733209067076","1"
"ANTIOQUIA","05","PEÑOL","541","05-541","6.2216831825999996","-75.212372254399995","25"
"CHOCO","27","QUIBDO","001","27-001","5.6923494650500004","-76.651124632600002","202"
"BOYACA","15","LA UVITA","403","15-403","6.3167948403600001","-72.559437864900005","6"
"SANTANDER","68","OIBA","500","68-500","6.2670478520600001","-73.300034000400004","2"
"ANTIOQUIA","05","SAN CARLOS","649","05-649","6.1283182189099996","-74.835421823800004","28"
"ANTIOQUIA","05","GUARNE","318","05-318","6.2692840353564003","-75.435302747729196","38"
"SANTANDER","68","EL GUACAMAYO","245","68-245",NA,NA,"0"
"VICHADA","99","PUERTO CARREÑO","001","99-001","6.1856065672099998","-67.485596099999995","10"
"SANTANDER","68","GUADALUPE","320","68-320","2.0229734854800001","-75.759038641800004","2"
"ANTIOQUIA","05","GUATAPE","321","05-321","6.2323373713699999","-75.155626971499998","17"
"ANTIOQUIA","05","BETULIA","093","05-093","6.1090998070799998","-75.984190747900001","7"
"ANTIOQUIA","05","HELICONIA","347","05-347","6.2060328836599998","-75.734785990099994","5"
"BOYACA","15","CHITA","183","15-183","6.1874240806299996","-72.473558054099996","9"
"BOYACA","15","SUSACON","774","15-774","6.2307747365999999","-72.689788030299994","4"
"SANTANDER","68","BOLIVAR","101","68-101","1.8375627029299999","-76.966757199200003","7"
"ANTIOQUIA","05","PUERTO NARE","585","05-585","6.1820469008199996","-74.585132157800004","9"
"BOYACA","15","PUERTO BOYACA","572","15-572","5.9733137945600001","-74.575054138699997","20"
"CASANARE","85","HATO COROZAL","125","85-125","6.1563918116699998","-71.7646275436","2"
"ANTIOQUIA","05","MARINILLA","440","05-440","6.1735481398000003","-75.338078435699998","43"
"ANTIOQUIA","05","ARMENIA","059","05-059","4.5380533161900001","-75.676245409399996","48"
"ANTIOQUIA","05","RIONEGRO","615","05-615","6.1462200604100001","-75.376255755100004","263"
"CASANARE","85","LA SALINA","136","85-136",NA,NA,"0"
"ANTIOQUIA","05","GRANADA","313","05-313","3.5349351906000002","-73.698477557000004","26"
"ANTIOQUIA","05","RETIRO","607","05-607","6.06324258169","-75.502010579399993","11"
"SANTANDER","68","AGUADA","013","68-013",NA,NA,"0"
"ANTIOQUIA","05","ITAGUI","360","05-360","6.1681583032200002","-75.629721946000004","21"
"ANTIOQUIA","05","ITAGUI","360","05-360","6.1681583032200002","-75.629721946000004","504"
"ANTIOQUIA","05","ENVIGADO","266","05-266","6.1666617975499998","-75.583190734400006","205"
"VICHADA","99","LA PRIMAVERA","524","99-524",NA,NA,"0"
"ANTIOQUIA","05","ANGELOPOLIS","036","05-036","6.1118803376099997","-75.708330775999997","8"
"SANTANDER","68","ENCINO","264","68-264",NA,NA,"0"
"ANTIOQUIA","05","LA ESTRELLA","380","05-380","6.1583909404200003","-75.645187067199998","18"
"SANTANDER","68","SUAITA","770","68-770","6.0983531427299997","-73.440316223600007","10"
"BOYACA","15","JERICO","368","15-368","5.7924555763400001","-75.784627705000005","2"
"SANTANDER","68","EL PEÑON","250","68-250","5.2490834127500001","-74.290162590400001","5"
"ANTIOQUIA","05","CONCORDIA","209","05-209","10.257658450899999","-74.833449314700005","13"
"ANTIOQUIA","05","SABANETA","631","05-631","6.1508923166300002","-75.615350875100006","19"
"ANTIOQUIA","05","EL SANTUARIO","697","05-697","6.1359602770099997","-75.261393605400002","26"
"BOYACA","15","SATIVANORTE","720","15-720","6.1315209519399998","-72.707871776499999","4"
"SANTANDER","68","SAN BENITO","673","68-673","6.1266069813000001","-73.509474162999993","1"
"BOYACA","15","TUTAZA","839","15-839",NA,NA,"0"
"ANTIOQUIA","05","TITIRIBI","809","05-809","6.0629458649699997","-75.794708120300001","9"
"ANTIOQUIA","05","EL CARMEN DE VIBORAL","148","05-148","6.0849715736799999","-75.335269011999998","51"
"ANTIOQUIA","05","SAN LUIS","660","05-660","4.1338811489099996","-75.095870391099993","2"
"BOYACA","15","SOCOTA","755","15-755","6.0411753959399999","-72.636460372200006","3"
"ANTIOQUIA","05","CALDAS","129","05-129","5.55446875145","-73.865310346399994","326"
"SANTANDER","68","CHIPATA","179","68-179","6.0625898318500004","-73.637284063500005","2"
"ANTIOQUIA","05","SALGAR","642","05-642","5.9611624171899997","-75.975435961800002","14"
"CASANARE","85","SACAMA","315","85-315","6.0978991148799997","-72.248893573800004","3"
"SANTANDER","68","SUCRE","773","68-773","5.9190325784300004","-73.791490451599998","12"
"ANTIOQUIA","05","COCORNA","197","05-197","6.0578887964200003","-75.185612609700001","16"
"CASANARE","85","PAZ DE ARIPORO","250","85-250","5.8814026236299997","-71.891728679099998","24"
"BOYACA","15","SANTANA","686","15-686","5.7784524164200004","-72.931630164400005","2"
"ANTIOQUIA","05","AMAGA","030","05-030","6.0326518277960997","-75.707663808080795","32"
"BOYACA","15","SATIVASUR","723","15-723","6.0932344040000004","-72.712069853599999","5"
"SANTANDER","68","GUEPSA","327","68-327","6.0263864286100004","-73.571314498099994","1"
"SANTANDER","68","GUEPSA","327","68-327","6.0263864286100004","-73.571314498099994","6"
"BOYACA","15","PAZ DE RIO","537","15-537","5.9880709061299999","-72.747525229100006","23"
"ANTIOQUIA","05","LA CEJA","376","05-376","5.9931457943559998","-75.430921079741793","114"
"CHOCO","27","ALTO BAUDO","025","27-025","5.5154800390899998","-76.975714730999997","4"
"BOYACA","15","SOCHA","757","15-757","5.9968587497600003","-72.691626543300004","9"
"ANTIOQUIA","05","LA UNION","400","05-400","1.5924771767300001","-77.128385668000007","16"
"BOYACA","15","BELEN","087","15-087","1.5956443044699999","-77.016287833999996","17"
"BOYACA","15","CHITARAQUE","185","15-185","6.0274754890500004","-73.446929363400002","4"
"BOYACA","15","SAN JOSE DE PARE","664","15-664","6.0196104893899998","-73.543449091799999","2"
"ANTIOQUIA","05","PUERTO TRIUNFO","591","05-591","5.8882084027700001","-74.634023566400003","5"
"CASANARE","85","TAMARA","400","85-400","5.8290966485900002","-72.164224906499996","7"
"SANTANDER","68","GAMBITA","298","68-298","5.9458304129200004","-73.342627294799996","2"
"ANTIOQUIA","05","VENECIA","861","05-861","4.0891663934100002","-74.477719533699997","11"
"CHOCO","27","NUQUI","495","27-495","5.7057391212699997","-77.2702238384","4"
"SANTANDER","68","BARBOSA","077","68-077","5.93031783104","-73.617560271100004","32"
"SANTANDER","68","LA BELLEZA","377","68-377","5.8592806693300004","-73.964951944600003","10"
"ANTIOQUIA","05","SANTA BARBARA","679","05-679","5.8806391226999999","-75.5723194638","7"
"SANTANDER","68","GUAVATA","324","68-324",NA,NA,"0"
"CHOCO","27","EL CARMEN DE ATRATO","245","27-245","5.9006656733599998","-76.141966572399994","18"
"BOYACA","15","CERINZA","162","15-162","5.9559767519999998","-72.947720503599996","5"
"BOYACA","15","PAIPA","516","15-516","5.7804891005799997","-73.116743782200004","115"
"BOYACA","15","DUITAMA","238","15-238","5.8193691409900001","-73.030268632900004","544"
"ANTIOQUIA","05","MONTEBELLO","467","05-467","5.9465636591699997","-75.523753933699993","3"
"ANTIOQUIA","05","FREDONIA","282","05-282","5.9248400420099996","-75.671166143999997","16"
"BOYACA","15","SANTA ROSA DE VITERBO","693","15-693","5.87473860404","-72.982386359499998","40"
"ANTIOQUIA","05","SAN FRANCISCO","652","05-652","1.1767402648900001","-76.875892027999996","7"
"BOYACA","15","BETEITIVA","092","15-092","5.9108105344800004","-72.808960010500002","1"
"BOYACA","15","TOGUI","816","15-816","5.9375457696899998","-73.513571916199993","4"
"BOYACA","15","MONIQUIRA","469","15-469","5.8737648678900003","-73.574108032699996","40"
"ANTIOQUIA","05","TARSO","792","05-792","5.8654485824","-75.822790213100006","3"
"BOYACA","15","TASCO","790","15-790","5.9089889637399997","-72.782372554700004","9"
"ANTIOQUIA","05","CIUDAD BOLIVAR","101","05-101","5.8465170006699996","-76.0133228121","20"
"SANTANDER","68","PUENTE NACIONAL","572","68-572","5.87819149232","-73.677509751900004","25"
"ANTIOQUIA","05","ABEJORRAL","002","05-002","5.7895399602399999","-75.428920421699999","18"
"ANTIOQUIA","05","SONSON","756","05-756","5.7127880537599998","-75.310302436100002","39"
"SANTANDER","68","JESUS MARIA","368","68-368","5.8765314898799996","-73.782782592299995","2"
"BOYACA","15","FLORESTA","276","15-276","5.8594391656799996","-72.919039102699998","3"
"BOYACA","15","OTANCHE","507","15-507","5.6579926991100002","-74.181310181499995","3"
"ANTIOQUIA","05","PUEBLORRICO","576","05-576","5.7934160853099996","-75.840577843199995","6"
"ANTIOQUIA","05","JERICO","368","05-368","5.7924555763400001","-75.784627705000005","24"
"SANTANDER","68","FLORIAN","271","68-271","5.8049492536200002","-73.970963595499995","2"
"SANTANDER","68","ALBANIA","020","68-020",NA,NA,"0"
"BOYACA","15","CORRALES","215","15-215","5.8280829793700004","-72.844807529600004","4"
"BOYACA","15","SOTAQUIRA","763","15-763","5.7651663517299996","-73.247226179600005","1"
"BOYACA","15","BUSBANZA","114","15-114","5.8303788942099999","-72.883883427100002","1"
"BOYACA","15","PISBA","550","15-550","5.7230584239300004","-72.483182780899995","1"
"ANTIOQUIA","05","LA PINTADA","390","05-390",NA,NA,"0"
"BOYACA","15","ARCABUCO","051","15-051","5.7566144716799998","-73.4396912192","2"
"CUNDINAMARCA","25","YACOPI","885","25-885","5.45953992922","-74.338426636799994","2"
"BOYACA","15","GAMEZA","296","15-296","5.80283711498","-72.806210215700006","5"
"CASANARE","85","PORE","263","85-263","5.7267662020300003","-71.992392808100007","6"
"ANTIOQUIA","05","HISPANIA","353","05-353","5.7988794991999999","-75.904937488100003","2"
"BOYACA","15","PAYA","533","15-533",NA,NA,"0"
"BOYACA","15","PAUNA","531","15-531","5.6565365517700004","-73.9785815826","4"
"ANTIOQUIA","05","TAMESIS","789","05-789","5.6651767583600003","-75.714221535199997","16"
"ANTIOQUIA","05","BETANIA","091","05-091","5.7278804925799998","-75.985964295200006","9"
"BOYACA","15","GACHANTIVA","293","15-293","5.7519680473800001","-73.549315335800003","3"
"BOYACA","15","COMBITA","204","15-204","5.6343342160000001","-73.323842334399998","4"
"BOYACA","15","NOBSA","491","15-491","5.7705711380400002","-72.940260727400002","15"
"BOYACA","15","TIBASOSA","806","15-806","5.7471541431900004","-72.999646496599993","4"
"CUNDINAMARCA","25","PUERTO SALGAR","572","25-572","5.4649792371199997","-74.652718122699994","6"
"BOYACA","15","SANTA SOFIA","696","15-696",NA,NA,"0"
"BOYACA","15","TOPAGA","820","15-820","5.76927431898","-72.833350555500004","1"
"BOYACA","15","SABOYA","632","15-632","5.6968992934599996","-73.762917433499993","8"
"ANTIOQUIA","05","ANDES","034","05-034","5.6568846954399996","-75.879251018999994","45"
"ANTIOQUIA","05","ARGELIA","055","05-055","2.3251402700599999","-77.255090913299995","10"
"BOYACA","15","SAN PABLO DE BORBUR","681","15-681","5.65901775706","-74.066592331699994","3"
"BOYACA","15","MONGUA","464","15-464","5.7528304274200002","-72.800205130899997","10"
"BOYACA","15","SOGAMOSO","759","15-759","5.7248620526599998","-72.923236899000003","507"
"ANTIOQUIA","05","VALPARAISO","856","05-856","1.19761525166","-75.7053662852","4"
"CHOCO","27","LLORO","413","27-413","5.4999618616900001","-76.542524736800004","10"
"CALDAS","17","AGUADAS","013","17-013","5.6126036827999997","-75.455726565000006","50"
"BOYACA","15","TUNUNGUA","832","15-832","5.7304079790099998","-73.933035062200005","1"
"BOYACA","15","MONGUI","466","15-466","5.7233616437199997","-72.848879884799999","9"
"BOYACA","15","CHIQUINQUIRA","176","15-176","5.6148510569700001","-73.818710714600002","166"
"BOYACA","15","BRICEÑO","106","15-106","5.6901643120300003","-73.923303998700007","1"
"BOYACA","15","TUTA","837","15-837","5.6907280799800004","-73.225885368199997","6"
"CASANARE","85","NUNCHIA","225","85-225","5.6371293741299997","-72.195382649500004","2"
"BOYACA","15","VILLA DE LEYVA","407","15-407","5.6362379595699998","-73.526445507399998","21"
"BOYACA","15","FIRAVITOBA","272","15-272","5.6691208349600002","-72.993720395899999","5"
"BOYACA","15","SUTAMARCHAN","776","15-776","5.6201439087700003","-73.620563706200002","4"
"BOYACA","15","MOTAVITA","476","15-476","5.5775442650100002","-73.368149802399998","2"
"ANTIOQUIA","05","JARDIN","364","05-364","5.6009650382","-75.823066928299994","21"
"ANTIOQUIA","05","NARIÑO","483","05-483","5.6109955219299996","-75.174921294200004","117"
"BOYACA","15","LABRANZAGRANDE","377","15-377","5.5623583420799996","-72.577594124499996","6"
"BOYACA","15","CHIQUIZA","232","15-232","5.6044024179700003","-73.485720328599996","1"
"CHOCO","27","BAGADO","073","27-073","5.4117154208900002","-76.415960274","2"
"BOYACA","15","MARIPI","442","15-442","5.5492927724900003","-74.004648807300001","3"
"BOYACA","15","QUIPAMA","580","15-580","5.5234469629099996","-74.179166914000007","2"
"BOYACA","15","OICATA","500","15-500",NA,NA,"0"
"BOYACA","15","AQUITANIA","047","15-047","5.5183103889099998","-72.884350515099996","7"
"BOYACA","15","IZA","362","15-362","5.6123584486700002","-72.979648402799995","6"
"BOYACA","15","TOCA","814","15-814","5.5654186378599997","-73.184517463399999","11"
"BOYACA","15","SORA","762","15-762","5.5668565407499999","-73.4498672629","2"
"BOYACA","15","TUNJA","001","15-001","5.5393706358400001","-73.354363818600007","715"
"BOYACA","15","TINJACA","808","15-808","5.5790193290700003","-73.6471490956","1"
"BOYACA","15","PESCA","542","15-542","5.5586875279200001","-73.050663427999993","15"
"BOYACA","15","CHIVATA","187","15-187","5.5604015260799997","-73.280894623199998","1"
"BOYACA","15","CALDAS","131","15-131","5.55446875145","-73.865310346399994","3"
"BOYACA","15","SACHICA","638","15-638",NA,NA,"0"
"BOYACA","15","SAN MIGUEL DE SEMA","676","15-676",NA,NA,"0"
"ANTIOQUIA","05","CARAMANTA","145","05-145","5.5490947861300004","-75.645331566400003","20"
"BOYACA","15","MUZO","480","15-480","5.5312793139499998","-74.103000990699996","9"
"BOYACA","15","CUITIVA","226","15-226","5.5802641113","-72.966128650300007","4"
"CALDAS","17","PACORA","513","17-513","5.5286868955899999","-75.460008910100001","39"
"CALDAS","17","VICTORIA","867","17-867","5.3170644503500002","-74.910692632199996","6"
"CUNDINAMARCA","25","SIMIJACA","745","25-745","5.50477875195","-73.850102122099997","31"
"BOYACA","15","RAQUIRA","600","15-600","5.5387379362500004","-73.632288563700001","5"
"CHOCO","27","BAJO BAUDO","077","27-077","4.9539490299900004","-77.364317909999997","5"
"BOYACA","15","CUCAITA","224","15-224","5.5430184209800002","-73.454200080999996","7"
"CASANARE","85","SAN LUIS DE PALENQUE","325","85-325","5.4218395761","-71.731229887400005","5"
"BOYACA","15","TOTA","822","15-822","5.5608799048800002","-72.985428157200005","1"
"CASANARE","85","YOPAL","001","85-001","5.3324911756300004","-72.393790533200004","114"
"CUNDINAMARCA","25","CAPARRAPI","148","25-148","5.3435712207300003","-74.492195272399996","8"
"CASANARE","85","TRINIDAD","430","85-430","5.4110162237599999","-71.662678650900006","6"
"BOYACA","15","SAMACA","646","15-646","5.4926274035700002","-73.485971456200005","11"
"VICHADA","99","SANTA ROSALIA","624","99-624",NA,NA,"0"
"CALDAS","17","PENSILVANIA","541","17-541","5.3837185168200001","-75.159294496000001","57"
"CALDAS","17","RIOSUCIO","614","17-614","5.4239534746100002","-75.702318848900006","100"
"BOYACA","15","SIACHOQUE","740","15-740","5.5110190010100002","-73.2451885941","8"
"BOYACA","15","LA VICTORIA","401","15-401",NA,NA,"0"
"BOYACA","15","BUENAVISTA","109","15-109","5.51174852719","-73.940999029300002","5"
"CALDAS","17","MARMATO","442","17-442","5.4743336714400002","-75.599690418799995","7"
"CALDAS","17","SUPIA","777","17-777","5.4460999337600002","-75.649466208999996","38"
"BOYACA","15","COPER","212","15-212","5.4753923797999997","-74.045035290599998","1"
"BOYACA","15","SORACA","764","15-764",NA,NA,"0"
"CUNDINAMARCA","25","SUSA","779","25-779","5.4532794334699997","-73.813683366800007","6"
"RISARALDA","66","MISTRATO","456","66-456","5.2946657063","-75.879419333800001","4"
"CUNDINAMARCA","25","GUACHETA","317","25-317","5.3835900895800002","-73.686896118500002","10"
"CUNDINAMARCA","25","FUQUENE","288","25-288","5.4040039104100002","-73.795809798799993","2"
"BOYACA","15","VIRACACHA","879","15-879","5.4367075625699997","-73.296664700400001","4"
"CALDAS","17","SALAMINA","653","17-653","5.4026014886000002","-75.487170955799996","89"
"VICHADA","99","CUMARIBO","773","99-773","4.4444876220899996","-69.7985426682","2"
"CUNDINAMARCA","25","CARMEN DE CARUPA","154","25-154","5.34908578768","-73.900983103900003","8"
"CUNDINAMARCA","25","PAIME","518","25-518","5.3708203179999998","-74.152804623700007","2"
"BOYACA","15","RONDON","621","15-621","5.3570360385200004","-73.2085952061","1"
"BOYACA","15","BOYACA","104","15-104","5.4545538322700002","-73.362026827500003","1"
"CALDAS","17","LA MERCED","388","17-388","5.3948045596599998","-75.547348163300001","14"
"CUNDINAMARCA","25","LA PALMA","394","25-394","5.3589652252500004","-74.390911277200004","4"
"CHOCO","27","CANTON DEL SAN PABLO","135","27-135","5.3353866713700002","-76.727220061300002","1"
"BOYACA","15","PAJARITO","518","15-518","5.2938006717799997","-72.702566329800007","2"
"BOYACA","15","VENTAQUEMADA","861","15-861","5.3692518826500004","-73.520632406399997","6"
"CUNDINAMARCA","25","GUADUAS","320","25-320","5.0724899937599996","-74.603414551","28"
"CUNDINAMARCA","25","SAN CAYETANO","653","25-653",NA,NA,"0"
"CUNDINAMARCA","25","TOPAIPI","823","25-823",NA,NA,"0"
"BOYACA","15","RAMIRIQUI","599","15-599","5.4011777712900004","-73.335465553299997","20"
"BOYACA","15","CIENEGA","189","15-189","5.4095211335600002","-73.296089676199998","7"
"RISARALDA","66","PUEBLO RICO","572","66-572","5.2220911893100004","-76.030798910300007","3"
"BOYACA","15","JENESANO","367","15-367","5.3848793621900004","-73.363958456700004","4"
"RISARALDA","66","QUINCHIA","594","66-594","5.3411467418800003","-75.730936787199994","15"
"BOYACA","15","NUEVO COLON","494","15-494","5.3550669561699999","-73.457066538500001","6"
"RISARALDA","66","GUATICA","318","66-318","5.31491484847","-75.796448364300005","15"
"CHOCO","27","TADO","787","27-787","5.2654259935200001","-76.554776305000004","15"
"CALDAS","17","FILADELFIA","272","17-272","5.2973502778599997","-75.562282237000005","30"
"CUNDINAMARCA","25","VILLA DE SAN DIEGO DE UBATE","843","25-843","5.3051642785800004","-73.819612402000004","60"
"CASANARE","85","AGUAZUL","010","85-010","5.1699854306399997","-72.552585337799997","21"
"CUNDINAMARCA","25","LENGUAZAQUE","407","25-407","5.3060264957400003","-73.7114452271","3"
"BOYACA","15","TIBANA","804","15-804","5.3161844652600001","-73.396744502600001","13"
"CASANARE","85","RECETOR","279","85-279",NA,NA,"0"
"CASANARE","85","CHAMEZA","015","85-015",NA,NA,"0"
"BOYACA","15","TURMEQUE","835","15-835","5.3238457501300003","-73.488565696899997","13"
"BOYACA","15","ZETAQUIRA","897","15-897","528434656469","-731720299685","1"
"CALDAS","17","ARANZAZU","050","17-050","5.2713043849299996","-75.490777311100004","39"
"CALDAS","17","MARULANDA","446","17-446","5.2835107602000004","-75.258325325000001","8"
"CUNDINAMARCA","25","VILLAGOMEZ","871","25-871",NA,NA,"0"
"CALDAS","17","MARQUETALIA","444","17-444","5.2986508958199998","-75.047853972599995","29"
"CUNDINAMARCA","25","VILLAPINZON","873","25-873","5.21481263033","-73.596813596499999","14"
"CALDAS","17","MANZANARES","433","17-433","5.2541016058199999","-75.153501991799999","56"
"CUNDINAMARCA","25","EL PEÑON","258","25-258","5.2490834127500001","-74.290162590400001","1"
"TOLIMA","73","MARIQUITA","443","73-443","5.2001696300700004","-74.889335465399995","26"
"TOLIMA","73","HONDA","349","73-349","5.2009820431499998","-74.7417614867","38"
"CUNDINAMARCA","25","CUCUNUBA","224","25-224","5.2505903320699998","-73.766310611999998","3"
"CALDAS","17","ANSERMA","042","17-042","5.2380738296500002","-75.783996582300006","40"
"TOLIMA","73","FRESNO","283","73-283","5.15358768839","-75.036194982500007","81"
"BOYACA","15","SAN EDUARDO","660","15-660","5.2242066171600001","-73.076602637899995","3"
"CALDAS","17","NEIRA","486","17-486","5.1370365374800002","-75.522180749900002","80"
"CUNDINAMARCA","25","LA PEÑA","398","25-398",NA,NA,"0"
"CUNDINAMARCA","25","PACHO","513","25-513","5.1508200093000003","-74.146179540399999","24"
"CUNDINAMARCA","25","SUTATAUSA","781","25-781","5.2473689617000003","-73.853008391399996","3"
"RISARALDA","66","BELEN DE UMBRIA","088","66-088","5.2008191020899996","-75.8684957854","6"
"BOYACA","15","CHINAVITA","172","15-172","5.1674166286799998","-73.368628937899999","5"
"BOYACA","15","BERBEO","090","15-090","5.2271520402","-73.126864351099996","4"
"BOYACA","15","UMBITA","842","15-842","5.2177530751800001","-73.457452668200006","6"
"CUNDINAMARCA","25","TAUSA","793","25-793","519568350829","-738875918059","1"
"CUNDINAMARCA","25","UTICA","851","25-851","5.1908969539100003","-74.483529538799999","2"
"CHOCO","27","CONDOTO","205","27-205","5.0935079386100002","-76.6465174314","28"
"RISARALDA","66","APIA","045","66-045","5.1061188186999997","-75.941059972999994","5"
"CUNDINAMARCA","25","CHOCONTA","183","25-183","5.1448585695200002","-73.683220525799996","18"
"CHOCO","27","ISTMINA","361","27-361","5.1533510032600001","-76.686001541799996","36"
"CUNDINAMARCA","25","SUESCA","772","25-772","5.1034369259699996","-73.798361051300006","9"
"BOYACA","15","MIRAFLORES","455","15-455","5.1959458000899996","-73.144862610000004","22"
"CUNDINAMARCA","25","NIMAIMA","489","25-489",NA,NA,"0"
"CUNDINAMARCA","25","VERGARA","862","25-862","5.11812063068","-74.345467806800002","1"
"BOYACA","15","PAEZ","514","15-514","2.52785035009","-75.957795895499999","7"
"CASANARE","85","OROCUE","230","85-230","4.7900339181699998","-71.338105376200005","4"
"CALDAS","17","RISARALDA","616","17-616","5.15940031424","-75.770631464800005","46"
"BOYACA","15","PACHAVITA","511","15-511",NA,NA,"0"
"BOYACA","15","GARAGOA","299","15-299","5.08228084885","-73.364766970199994","56"
"TOLIMA","73","FALAN","270","73-270","5.11932413169","-74.955500478999994","5"
"CUNDINAMARCA","25","COGUA","200","25-200","5.0618088319499996","-73.978258248700001","3"
"CALDAS","17","MANIZALES","001","17-001","5.0570505637899998","-75.490415062500006","3722"
"TOLIMA","73","HERVEO","347","73-347","5.0799452249700003","-75.1782250336","19"
"CASANARE","85","TAURAMENA","410","85-410","5.0131227893799997","-72.747736112300004","5"
"CALDAS","17","SAN JOSE","665","17-665","5.0826428621200002","-75.791650988200004","1"
"CUNDINAMARCA","25","ZIPAQUIRA","899","25-899","5.0234829415700002","-73.992403066400001","273"
"CUNDINAMARCA","25","QUEBRADANEGRA","592","25-592",NA,NA,"0"
"TOLIMA","73","PALOCABILDO","520","73-520",NA,NA,"0"
"CUNDINAMARCA","25","NEMOCON","486","25-486","5.0675918100699997","-73.878890687600006","9"
"BOYACA","15","LA CAPILLA","380","15-380","5.0955586696299999","-73.445010628999995","5"
"CALDAS","17","PALESTINA","524","17-524","1.7231991236399999","-76.132869099499999","23"
"CALDAS","17","VITERBO","877","17-877","5.0628644193800003","-75.8707592879","8"
"CUNDINAMARCA","25","MACHETA","426","25-426","5.0799154903000003","-73.606509154500003","5"
"TOLIMA","73","ARMERO","055","73-055","5.0290004580599996","-74.884169344","15"
"CUNDINAMARCA","25","TIBIRITA","807","25-807","5.0524459221100004","-73.504653802899995","3"
"TOLIMA","73","CASABIANCA","152","73-152","5.0791479130299999","-75.119791071199998","7"
"RISARALDA","66","SANTUARIO","687","66-687","5.0736769586700001","-75.9646784973","9"
"CUNDINAMARCA","25","SUPATA","777","25-777","5.0618122399700001","-74.235835807800001","3"
"CUNDINAMARCA","25","NOCAIMA","491","25-491","5.0694156061799998","-74.377473609800006","5"
"BOYACA","15","CAMPOHERMOSO","135","15-135","5.03063004868","-73.103518210499999","3"
"BOYACA","15","TENZA","798","15-798","5.0768315662000001","-73.421651152300001","1"
"CUNDINAMARCA","25","VILLETA","875","25-875","5.0094283299700004","-74.472893319199997","40"
"CHOCO","27","NOVITA","491","27-491","4.9560945273000003","-76.607069453899996","4"
"CUNDINAMARCA","25","SESQUILE","736","25-736","5.0451953391000002","-73.796735184599996","13"
"CUNDINAMARCA","25","SUBACHOQUE","769","25-769","4.9283740047900002","-74.172235963099993","15"
"CALDAS","17","BELALCAZAR","088","17-088","4.9951776814500004","-75.803807298400002","10"
"CALDAS","17","CHINCHINA","174","17-174","4.9855180045900003","-75.606384966299998","126"
"CASANARE","85","MANI","139","85-139","4.81684480839","-72.2801607687","6"
"RISARALDA","66","LA CELIA","383","66-383","5.0033701118499998","-76.003193292399999","1"
"CUNDINAMARCA","25","LA VEGA","402","25-402","2.0046383907499998","-76.781503739200005","8"
"BOYACA","15","GUATEQUE","322","15-322","5.0070872499299997","-73.472284481700001","24"
"RISARALDA","66","MARSELLA","440","66-440","4.9366653166600001","-75.738527149299998","5"
"CALDAS","17","VILLAMARIA","873","17-873","4.9599412557499996","-75.551234616800002","84"
"CUNDINAMARCA","25","MANTA","436","25-436","5.0091986301200002","-73.540469998700004","3"
"TOLIMA","73","VILLAHERMOSA","870","73-870","5.0302954452300002","-75.117789876000003","5"
"BOYACA","15","MACANAL","425","15-425","4.9722173309500004","-73.319521182000003","1"
"BOYACA","15","SUTATENZA","778","15-778","5.0232426310299996","-73.452046721399995","2"
"CUNDINAMARCA","25","GACHANCIPA","295","25-295","4.9910503751800004","-73.872917556000004","6"
"CUNDINAMARCA","25","SASAIMA","718","25-718","4.9621139745800003","-74.432947907699997","5"
"CUNDINAMARCA","25","SAN FRANCISCO","658","25-658","1.1767402648900001","-76.875892027999996","3"
"CASANARE","85","MONTERREY","162","85-162","4.8794119675600003","-72.889095644700006","12"
"CUNDINAMARCA","25","TOCANCIPA","817","25-817","4.9651427481599999","-73.911745806499994","4"
"RISARALDA","66","BALBOA","075","66-075","2.0413935585799998","-77.216541210299994","1"
"CUNDINAMARCA","25","CHAGUANI","168","25-168","4.9477306006399999","-74.592714462000004","3"
"BOYACA","15","SOMONDOCO","761","15-761","4.9858093921800002","-73.433312229099997","6"
"CUNDINAMARCA","25","TABIO","785","25-785","4.9164173473000004","-74.098475462300001","19"
"CHOCO","27","SAN JOSE DEL PALMAR","660","27-660","4.8946712382599999","-76.235669635999997","3"
"BOYACA","15","ALMEIDA","022","15-022",NA,NA,"0"
"CUNDINAMARCA","25","GUATAVITA","326","25-326","4.93396486437","-73.833337451399998","12"
"VALLE DEL CAUCA","76","EL AGUILA","243","76-243","4.9098804712000002","-76.041337805200001","1"
"BOYACA","15","GUAYATA","325","15-325","4.9668200875400004","-73.490118653300001","3"
"CASANARE","85","SABANALARGA","300","85-300","10.633833411099999","-74.920625124400004","3"
"CUNDINAMARCA","25","CAJICA","126","25-126","4.9208729141400003","-74.023636534299996","39"
"CUNDINAMARCA","25","SAN JUAN DE RIOSECO","662","25-662","4.8472531528699996","-74.621655904999997","9"
"RISARALDA","66","SANTA ROSA DE CABAL","682","66-682","4.8765085990700001","-75.624074386499998","54"
"CUNDINAMARCA","25","VIANI","867","25-867","4.8752441100499997","-74.561487345399996","1"
"CUNDINAMARCA","25","SOPO","758","25-758","4.9069424369899997","-73.938885287600002","21"
"BOYACA","15","SAN LUIS DE GACENO","667","15-667","4.8187050809700001","-73.168872270500003","6"
"TOLIMA","73","LIBANO","411","73-411","4.9161136030400003","-75.053220172099998","104"
"TOLIMA","73","LERIDA","408","73-408","4.8610517412099998","-74.911602287700006","10"
"CUNDINAMARCA","25","ALBAN","019","25-019","4.8760822692900003","-74.436698859800003","8"
"CUNDINAMARCA","25","GACHETA","297","25-297","4.8163297570200001","-73.636486426000005","24"
"CUNDINAMARCA","25","GUAYABAL DE SIQUIMA","328","25-328","4.8779413716100004","-74.467348356599999","2"
"BOYACA","15","SANTA MARIA","690","15-690","2.9387122040500002","-75.586798974600001","1"
"TOLIMA","73","AMBALEMA","030","73-030","4.78538612936","-74.761798613799996","1"
"RISARALDA","66","LA VIRGINIA","400","66-400","4.8983437954499998","-75.879658430899994","7"
"CUNDINAMARCA","25","GUASCA","322","25-322","4.8675487521700003","-73.878069050999997","12"
"CUNDINAMARCA","25","EL ROSAL","260","25-260",NA,NA,"0"
"BOYACA","15","CHIVOR","236","15-236","488876763021","-733698003698","1"
"CUNDINAMARCA","25","CHIA","175","25-175","4.8658020715100001","-74.049648188199996","158"
"TOLIMA","73","MURILLO","461","73-461","4.87540969341","-75.170318657300001","6"
"RISARALDA","66","PEREIRA","001","66-001","4.8088877321499996","-75.715509920200006","351"
"CUNDINAMARCA","25","TENJO","799","25-799","4.87171577268","-74.143451817100001","19"
"CUNDINAMARCA","25","BITUIMA","095","25-095","4.8720356775100004","-74.539697020800006","1"
"CUNDINAMARCA","25","FACATATIVA","269","25-269","4.8122420145799998","-74.351014690499994","216"
"RISARALDA","66","DOSQUEBRADAS","170","66-170","4.8346340332700004","-75.675182816000003","22"
"CUNDINAMARCA","25","UBALA","839","25-839","4.7481771938300001","-73.532306767199998","5"
"VALLE DEL CAUCA","76","ANSERMANUEVO","041","76-041","4.7932231454699998","-75.991605189599994","2"
"META","50","PUERTO GAITAN","568","50-568","431202705989","-72082954864","1"
"CUNDINAMARCA","25","MADRID","430","25-430","4.7328452031400001","-74.266755452400005","54"
"VALLE DEL CAUCA","76","EL CAIRO","246","76-246","4.7584938832099999","-76.223417251200004","5"
"CUNDINAMARCA","25","COTA","214","25-214","4.8087009681000001","-74.102933639400007","25"
"CUNDINAMARCA","25","BELTRAN","086","25-086",NA,NA,"0"
"CUNDINAMARCA","25","ANOLAIMA","040","25-040","4.7616611678499998","-74.463780650299995","11"
"BOGOTA D.C","11","BOGOTA D.C.","001","11-001","4.6245750496399998","-74.113918716300006","26329"
"CUNDINAMARCA","25","JUNIN","372","25-372","4.7068796752021997","-73.693024260047906","7"
"VALLE DEL CAUCA","76","CARTAGO","147","76-147","4.7385219157599998","-75.911513294000002","119"
"CHOCO","27","SIPI","745","27-745","4.6541149172200003","-76.643384547500006","2"
"CUNDINAMARCA","25","LA CALERA","377","25-377","4.7000453661100003","-73.930082967600001","37"
"VALLE DEL CAUCA","76","ARGELIA","054","76-054","2.3251402700599999","-77.255090913299995","4"
"CUNDINAMARCA","25","ZIPACON","898","25-898","4.76009498133","-74.379403726899994","4"
"TOLIMA","73","VENADILLO","861","73-861","4.71677806822","-74.929383811400001","8"
"CUNDINAMARCA","25","QUIPILE","596","25-596","4.7447343599999998","-74.533451061600005","6"
"TOLIMA","73","SANTA ISABEL","686","73-686","1.1920005765799999","-76.968980033899996","4"
"TOLIMA","73","SANTA ISABEL","686","73-686","4.7138079797400003","-75.094671507699999","10"
"CUNDINAMARCA","25","FUNZA","286","25-286","4.7086565389399997","-74.201979397599999","60"
"CUNDINAMARCA","25","GACHALA","293","25-293","4.6931920143400001","-73.520805478499994","8"
"CUNDINAMARCA","25","GAMA","299","25-299","4.7625831183800003","-73.610784996800007","2"
"CUNDINAMARCA","25","BOJACA","099","25-099","4.74148625686","-74.347563116800004","5"
"CUNDINAMARCA","25","PULI","580","25-580",NA,NA,"0"
"CUNDINAMARCA","25","CACHIPAY","123","25-123","4.73092890716","-74.435952660200002","2"
"VALLE DEL CAUCA","76","ULLOA","845","76-845",NA,NA,"0"
"CUNDINAMARCA","25","TENA","797","25-797","4.6552672944999998","-74.389631241399996","2"
"CUNDINAMARCA","25","PARATEBUENO","530","25-530","4.37502628853","-73.212863863500004","3"
"CUNDINAMARCA","25","MOSQUERA","473","25-473","4.7143046252399996","-74.228268472699995","17"
"TOLIMA","73","ANZOATEGUI","043","73-043","4.6328466970399997","-75.093283826100006","5"
"VALLE DEL CAUCA","76","VERSALLES","863","76-863","4.5758206158599997","-76.199509402800004","8"
"QUINDIO","63","FILANDIA","272","63-272","4.6760071908500001","-75.656183214999999","7"
"CASANARE","85","VILLANUEVA","440","85-440","10.444452630800001","-75.276221979200002","17"
"QUINDIO","63","SALENTO","690","63-690","4.6372797926200002","-75.570795832399995","3"
"VALLE DEL CAUCA","76","TORO","823","76-823","4.6084889543900003","-76.078407777099997","6"
"TOLIMA","73","ALVARADO","026","73-026","4.5681646210900002","-74.952151753799996","5"
"CUNDINAMARCA","25","LA MESA","386","25-386","4.6353737211699997","-74.454288120900003","28"
"VALLE DEL CAUCA","76","ALCALA","020","76-020","4.6739418992899999","-75.775661460799995","4"
"CUNDINAMARCA","25","FOMEQUE","279","25-279","4.4848955998199997","-73.892733514900002","25"
"META","50","BARRANCA DE UPIA","110","50-110","4.5690686668799998","-72.966582101","1"
"QUINDIO","63","CIRCASIA","190","63-190","4.6151267943300001","-75.635614113499997","7"
"TOLIMA","73","IBAGUE","001","73-001","4.4396307254999998","-75.1963501468","644"
"CUNDINAMARCA","25","CHOACHI","181","25-181","4.5290158565300001","-73.922967190199998","17"
"CUNDINAMARCA","25","SAN ANTONIO DEL TEQUENDAMA","645","25-645","4.6160741170600001","-74.351816307199996","4"
"CUNDINAMARCA","25","JERUSALEN","368","25-368","4.56243784729","-74.694660112199998","2"
"CUNDINAMARCA","25","MEDINA","438","25-438","4.5086538779599996","-73.350527907900002","7"
"QUINDIO","63","QUIMBAYA","594","63-594","4.62330250711","-75.762966687800002","9"
"CUNDINAMARCA","25","SOACHA","754","25-754","4.5863900164800002","-74.194901540499998","139"
"CUNDINAMARCA","25","ANAPOIMA","035","25-035","4.5629975897200001","-74.530669206900001","4"
"TOLIMA","73","PIEDRAS","547","73-547","4.5445057672300004","-74.876509660699995","2"
"CUNDINAMARCA","25","APULO","599","25-599","4.5279601233499998","-74.589297477200006","4"
"VALLE DEL CAUCA","76","OBANDO","497","76-497","4.57493085648","-75.974730756200003","2"
"CUNDINAMARCA","25","EL COLEGIO","245","25-245","4.5782646685200001","-74.442739512000003","24"
"CUNDINAMARCA","25","TOCAIMA","815","25-815","4.4609225189300004","-74.635902510600005","10"
"CUNDINAMARCA","25","GUATAQUI","324","25-324",NA,NA,"0"
"TOLIMA","73","CAJAMARCA","124","73-124","4.4377702727499999","-75.433795857600003","14"
"VALLE DEL CAUCA","76","LA UNION","400","76-400","1.5924771767300001","-77.128385668000007","11"
"QUINDIO","63","MONTENEGRO","470","63-470","4.5629703568000002","-75.750808619099999","13"
"QUINDIO","63","ARMENIA","001","63-001","4.5380533161900001","-75.676245409399996","222"
"VALLE DEL CAUCA","76","EL DOVIO","250","76-250","4.5099149895200004","-76.237266027499999","6"
"VALLE DEL CAUCA","76","LA VICTORIA","403","76-403","4.5244408411199997","-76.036214208900006","11"
"CUNDINAMARCA","25","UBAQUE","841","25-841","4.4837889693399999","-73.934173728100006","2"
"CUNDINAMARCA","25","GRANADA","312","25-312","3.5349351906000002","-73.698477557000004","1"
"QUINDIO","63","CALARCA","130","63-130","4.51619928578","-75.6490942155","47"
"CHOCO","27","EL LITORAL DEL SAN JUAN","250","27-250",NA,NA,"0"
"CUNDINAMARCA","25","SIBATE","740","25-740","4.4878713432200001","-74.258749390999995","18"
"META","50","SAN JUANITO","686","50-686",NA,NA,"0"
"VALLE DEL CAUCA","76","ROLDANILLO","622","76-622","4.4135483937000002","-76.151031589400006","30"
"QUINDIO","63","LA TEBAIDA","401","63-401","4.4528810837800004","-75.788513946600006","5"
"CUNDINAMARCA","25","VIOTA","878","25-878","4.4405017675699998","-74.522956381900002","7"
"CUNDINAMARCA","25","SILVANIA","743","25-743","4.3813292260100001","-74.404636826000001","9"
"TOLIMA","73","COELLO","200","73-200",NA,NA,"0"
"VALLE DEL CAUCA","76","ZARZAL","895","76-895","4.3904284654900003","-76.071748166099994","14"
"CUNDINAMARCA","25","CHIPAQUE","178","25-178","4.4425307066700004","-74.044598173699995","6"
"VALLE DEL CAUCA","76","SEVILLA","736","76-736","4.2671913468899998","-75.931157326800005","25"
"META","50","EL CALVARIO","245","50-245","4.3521701575499998","-73.713455027999998","2"
"CUNDINAMARCA","25","CAQUEZA","151","25-151","4.4036654692199999","-73.946573917699993","32"
"CUNDINAMARCA","25","NARIÑO","483","25-483",NA,NA,"0"
"META","50","CABUYARO","124","50-124",NA,NA,"0"
"VALLE DEL CAUCA","76","BOLIVAR","100","76-100","1.8375627029299999","-76.966757199200003","9"
"CUNDINAMARCA","25","GIRARDOT","307","25-307","4.3037054889600004","-74.810462942599997","93"
"VALLE DEL CAUCA","76","CAICEDONIA","122","76-122","4.3406222777399996","-75.836534390099999","20"
"QUINDIO","63","CORDOBA","212","63-212","0,853665965806","-7751806895","1"
"QUINDIO","63","BUENAVISTA","111","63-111",NA,NA,"0"
"META","50","RESTREPO","606","50-606","3.8228998862500001","-76.525079144599999","22"
"CUNDINAMARCA","25","UNE","845","25-845","4.4026037584499997","-74.025207067899998","13"
"META","50","PUERTO LOPEZ","573","50-573","4.0934736787099997","-72.955928319500003","12"
"CUNDINAMARCA","25","AGUA DE DIOS","001","25-001","4.3758531334799997","-74.669545605500005","6"
"CUNDINAMARCA","25","PASCA","535","25-535","4.3102728360500002","-74.304976003799993","6"
"CUNDINAMARCA","25","FUSAGASUGA","290","25-290","4.3377481419299997","-74.366367970100001","126"
"TOLIMA","73","ROVIRA","624","73-624","4.2394833063200004","-75.240683125399997","4"
"CUNDINAMARCA","25","QUETAME","594","25-594","4.3298456949100004","-73.862935274099996","7"
"CUNDINAMARCA","25","TIBACUY","805","25-805","4.3480104366300001","-74.452546316099998","2"
"QUINDIO","63","PIJAO","548","63-548","4.3353132512599997","-75.702514101999995","4"
"CUNDINAMARCA","25","RICAURTE","612","25-612",NA,NA,"0"
"CUNDINAMARCA","25","FOSCA","281","25-281","4.33873601179","-73.939295478299996","3"
"CUNDINAMARCA","25","NILO","488","25-488","4.3068637405399999","-74.6205087644","2"
"QUINDIO","63","GENOVA","302","63-302","4.2077456617999998","-75.789556104699997","1"
"VALLE DEL CAUCA","76","BUGALAGRANDE","113","76-113","4.20815303943","-76.157715206999995","8"
"TOLIMA","73","RONCESVALLES","622","73-622","4.0112275185000001","-75.606139052000003","4"
"TOLIMA","73","SAN LUIS","678","73-678","4.1338811489099996","-75.095870391099993","9"
"META","50","VILLAVICENCIO","001","50-001","4.1229575804499996","-73.626877897","595"
"CUNDINAMARCA","25","GUTIERREZ","339","25-339","425493902272","-74002986808","1"
"META","50","CUMARAL","226","50-226","4.2670618538699996","-73.487486438100007","14"
"TOLIMA","73","FLANDES","275","73-275","4.2827945304200004","-74.810555357300004","2"
"CUNDINAMARCA","25","ARBELAEZ","053","25-053","4.2722598915500001","-74.416084012499994","21"
"TOLIMA","73","VALLE DE SAN JUAN","854","73-854",NA,NA,"0"
"VALLE DEL CAUCA","76","TRUJILLO","828","76-828","4.2093345333099998","-76.321624464300001","8"
"TOLIMA","73","MELGAR","449","73-449","4.2054280017799996","-74.626966185800001","8"
"TOLIMA","73","ICONONZO","352","73-352","4.1741301430100002","-74.527998419100001","7"
"CUNDINAMARCA","25","GUAYABETAL","335","25-335","4.2170694586000002","-73.817032545499998","4"
"TOLIMA","73","SUAREZ","770","73-770","2.9548816876599999","-76.695829782999994","1"
"VALLE DEL CAUCA","76","BUENAVENTURA","109","76-109","3.8736635476000001","-77.020565215999994","50"
"CUNDINAMARCA","25","PANDI","524","25-524","4.1912315262500002","-74.486734458699999","1"
"TOLIMA","73","CARMEN DE APICALA","148","73-148",NA,NA,"0"
"VALLE DEL CAUCA","76","ANDALUCIA","036","76-036","4.17671561529","-76.164666370999996","10"
"TOLIMA","73","ESPINAL","268","73-268","4.1507117319300004","-74.884225780700007","44"
"TOLIMA","73","GUAMO","319","73-319","4.0299554644600004","-74.971495045799998","15"
"META","50","ACACIAS","006","50-006","3.9910140279599999","-73.765602343699996","51"
"CUNDINAMARCA","25","SAN BERNARDO","649","25-649","1.5144310453800001","-77.047089631099993","9"
"VALLE DEL CAUCA","76","RIOFRIO","616","76-616","4.1574581030999997","-76.290627115299998","2"
"VALLE DEL CAUCA","76","TULUA","834","76-834","4.0853584647299996","-76.197175603800005","122"
"VALLE DEL CAUCA","76","SAN PEDRO","670","76-670","3.9941572444900002","-76.229433837000002","3"
"TOLIMA","73","CUNDAY","226","73-226","4.0597468794599996","-74.6932717766","6"
"VALLE DEL CAUCA","76","DARIEN","126","76-126","3.9352239476399999","-76.484223372100004","2"
"TOLIMA","73","ORTEGA","504","73-504","3.9350559409499999","-75.220794136600006","21"
"CUNDINAMARCA","25","VENECIA","506","25-506","4.0891663934100002","-74.477719533699997","5"
"TOLIMA","73","SAN ANTONIO","675","73-675","3.9158554294300001","-75.477178603699997","3"
"VALLE DEL CAUCA","76","YOTOCO","890","76-890","3.8610667624400001","-76.383086680399998","6"
"META","50","GUAMAL","318","50-318","3.8797436036900002","-73.770120376199998","11"
"CUNDINAMARCA","25","CABRERA","120","25-120","3.98482848051","-74.484283763199997","3"
"VALLE DEL CAUCA","76","BUGA","111","76-111","3.9014010272699999","-76.298934040999995","111"
"GUAINIA","94","INIRIDA","001","94-001","3.8703255477399998","-67.918283684000002","12"
"TOLIMA","73","CHAPARRAL","168","73-168","3.7257611101900001","-75.483582209800005","34"
"TOLIMA","73","PURIFICACION","585","73-585","3.8603381425299998","-74.926626655299998","10"
"META","50","CUBARRAL","223","50-223","3.7949048906699998","-73.8350109557","7"
"META","50","SAN CARLOS DE GUAROA","680","50-680","3.7105344843000001","-73.241589417599997","3"
"TOLIMA","73","VILLARRICA","873","73-873","3.93692155457","-74.600598690300004","6"
"TOLIMA","73","SALDAÑA","671","73-671","3.92679713246","-75.016636739000006","9"
"TOLIMA","73","COYAIMA","217","73-217","3.7987236911100002","-75.196207777799998","4"
"META","50","CASTILLA LA NUEVA","150","50-150","3.82798261678","-73.689021562999997","3"
"VALLE DEL CAUCA","76","DAGUA","233","76-233","3.65739350075","-76.689174762299999","14"
"META","50","SAN MARTIN","689","50-689","3.7016105263900001","-73.695972184699997","21"
"VALLE DEL CAUCA","76","RESTREPO","606","76-606","3.8228998862500001","-76.525079144599999","9"
"VALLE DEL CAUCA","76","VIJES","869","76-869",NA,NA,"0"
"VALLE DEL CAUCA","76","GUACARI","318","76-318","3.7619954942299998","-76.333506312899999","10"
"TOLIMA","73","PRADO","563","73-563","3.7498280096299998","-74.927275777999995","3"
"VALLE DEL CAUCA","76","GINEBRA","306","76-306","3.7249000145100002","-76.268869540799997","10"
"HUILA","41","COLOMBIA","206","41-206","3.3765248214499999","-74.802895161500004","9"
"VALLE DEL CAUCA","76","LA CUMBRE","377","76-377","3.6471892934399999","-76.568166463200001","8"
"VALLE DEL CAUCA","76","EL CERRITO","248","76-248","3.6847502751099999","-76.311734082499996","31"
"TOLIMA","73","DOLORES","236","73-236","3.5384437503699999","-74.897433710599998","6"
"GUAINIA","94","CACAHUAL","886","94-886",NA,NA,"0"
"VALLE DEL CAUCA","76","PALMIRA","520","76-520","3.5329373310299999","-76.29821561","941"
"TOLIMA","73","RIOBLANCO","616","73-616","3.5302137774800002","-75.644684136500004","5"
"META","50","EL DORADO","270","50-270",NA,NA,"0"
"GUAINIA","94","BARRANCO MINAS","343","94-343",NA,NA,"0"
"TOLIMA","73","NATAGAIMA","483","73-483","3.62051386577","-75.090596023499998","17"
"META","50","LA URIBE","370","50-370",NA,NA,"0"
"META","50","LEJANIAS","400","50-400","3.5256911357299998","-74.024402345799999","4"
"META","50","EL CASTILLO","251","50-251","3.5647190283399999","-73.794162875200001","3"
"VALLE DEL CAUCA","76","YUMBO","892","76-892","3.54053354875","-76.497611671200005","5"
"TOLIMA","73","ATACO","067","73-067","3.5911648672999998","-75.382454022499999","7"
"META","50","GRANADA","313","50-313","3.5349351906000002","-73.698477557000004","45"
"VALLE DEL CAUCA","76","CALI","001","76-001","3.4063821841299999","-76.526391195200006","1204"
"META","50","MESETAS","330","50-330","3.3822458551999999","-74.044366419100001","5"
"META","50","FUENTE DE ORO","287","50-287","3.4615153893900001","-73.619988981800006","3"
"TOLIMA","73","ALPUJARRA","024","73-024","3.39179995739","-74.932566289600004","11"
"VALLE DEL CAUCA","76","PRADERA","563","76-563","3.4194377672999998","-76.241041111900003","39"
"META","50","PUERTO LLERAS","577","50-577","326940842044","-733731786644","1"
"VALLE DEL CAUCA","76","CANDELARIA","130","76-130","10.459177863300001","-74.879124833800006","26"
"META","50","MAPIRIPAN","325","50-325","2.8920002603200001","-72.133249494500006","2"
"HUILA","41","VILLAVIEJA","872","41-872","3.2192405473300001","-75.218144388900001","1"
"HUILA","41","AIPE","016","41-016","3.2235632387500002","-75.241143602099996","6"
"VALLE DEL CAUCA","76","FLORIDA","275","76-275","3.3244045025700002","-76.234732150400006","40"
"TOLIMA","73","PLANADAS","555","73-555","3.19702137702","-75.643783879500006","6"
"VALLE DEL CAUCA","76","JAMUNDI","364","76-364","3.2641863413199999","-76.538809550799996","12"
"META","50","SAN JUAN DE ARAMA","683","50-683","3.3691074269899999","-73.870800936799995","5"
"CAUCA","19","PUERTO TEJADA","573","19-573","3.2326592931799998","-76.417068365800006","11"
"CAUCA","19","MIRANDA","455","19-455","3.2518940659600002","-76.229670428000006","9"
"HUILA","41","BARAYA","078","41-078","3.15327369237","-75.054290666399993","4"
"CAUCA","19","PADILLA","513","19-513","3.2229973156199998","-76.313017588299999","2"
"CAUCA","19","LOPEZ","418","19-418","2.8459166251100001","-77.248277097100001","1"
"HUILA","41","NEIVA","001","41-001","2.93554559251","-75.2779458694","423"
"CAUCA","19","CALOTO","142","19-142","3.0331583626800001","-76.408484603999995","10"
"CAUCA","19","CORINTO","212","19-212","3.17565160975","-76.261627280699997","6"
"META","50","VISTAHERMOSA","711","50-711","3.12759895118","-73.752523317300003","7"
"HUILA","41","TELLO","799","41-799","3.06742822979","-75.139235101699995","1"
"CAUCA","19","SANTANDER DE QUILICHAO","698","19-698","3.01128796768","-76.4853458905","38"
"META","50","PUERTO RICO","590","50-590","1.9109186199799999","-75.158039357700005","1"
"CAUCA","19","BUENOS AIRES","110","19-110",NA,NA,"0"
"CAUCA","19","TORIBIO","821","19-821","2.9537019690599999","-76.270493020900005","6"
"GUAINIA","94","PUERTO COLOMBIA","884","94-884",NA,NA,"0"
"HUILA","41","SANTA MARIA","676","41-676","2.9387122040500002","-75.586798974600001","4"
"HUILA","41","PALERMO","524","41-524","2.8866588235999999","-75.432785091499994","8"
"CAUCA","19","SUAREZ","780","19-780","2.9548816876599999","-76.695829782999994","2"
"CAUCA","19","PAEZ","517","19-517","2.52785035009","-75.957795895499999","9"
"HUILA","41","TERUEL","801","41-801","2.7412554609900002","-75.567728684599999","3"
"CAUCA","19","JAMBALO","364","19-364",NA,NA,"0"
"CAUCA","19","CALDONO","137","19-137","2.7975088811600002","-76.484701816200001","6"
"CAUCA","19","TIMBIQUI","809","19-809","2.7120115360799999","-77.384702316100004","5"
"CAQUETA","18","SAN VICENTE DEL CAGUAN","753","18-753","1.30930863408","-74.219389815900001","22"
"CAUCA","19","MORALES","473","19-473","2.7493060250200001","-76.625584908099995","2"
"HUILA","41","IQUIRA","357","41-357","2.6500013450700002","-75.635041918100001","4"
"HUILA","41","RIVERA","615","41-615","2.7778968327500002","-75.254858769799995","5"
"GUAVIARE","95","SAN JOSE DEL GUAVIARE","001","95-001","2.5704780989499998","-72.640095997700001","30"
"CAUCA","19","EL TAMBO","256","19-256","1.40798382917","-77.390751148999996","9"
"META","50","PUERTO CONCORDIA","450","50-450","2.6237915422500002","-72.7571004622","3"
"CAUCA","19","PIENDAMO","548","19-548","2.63758943296","-76.527395537399997","17"
"CAUCA","19","SILVIA","743","19-743","2.6151230164400001","-76.372778418500005","12"
"CAUCA","19","CAJIBIO","130","19-130","2.6230310885699999","-76.570385642000005","14"
"HUILA","41","NATAGA","483","41-483","2.54618538725","-75.809315994499997","1"
"HUILA","41","CAMPOALEGRE","132","41-132","2.6841803518199998","-75.326035253300006","11"
"CAUCA","19","GUAPI","318","19-318","2.4027830526949998","-77.674898274752593","13"
"HUILA","41","YAGUARA","885","41-885","2.66479668805","-75.518296168600003","3"
"HUILA","41","ALGECIRAS","020","41-020","2.5225559049899999","-75.315694651900003","13"
"HUILA","41","TESALIA","797","41-797","2.4859112024100001","-75.727443443699997","4"
"NARIÑO","52","SANTA BARBARA","696","52-696",NA,NA,"0"
"CAUCA","19","INZA","355","19-355","2.5487381150099999","-76.0639665737","19"
"META","50","LA MACARENA","350","50-350","2.1836294697700001","-73.786466186499993","1"
"NARIÑO","52","EL CHARCO","250","52-250","2.4758772781","-78.108328129699998","3"
"HUILA","41","HOBO","349","41-349","2.5834678539399998","-75.452628439099996","3"
"CAUCA","19","TOTORO","824","19-824","2.5111976273700001","-76.398170550900005","5"
"NARIÑO","52","MOSQUERA","473","52-473",NA,NA,"0"
"NARIÑO","52","LA TOLA","390","52-390","2.39792155095","-78.189798289300001","2"
"CAUCA","19","POPAYAN","001","19-001","2.4383554804699998","-76.640426844999993","255"
"HUILA","41","GIGANTE","306","41-306","2.3878313357600001","-75.545729475599998","24"
"HUILA","41","LA PLATA","396","41-396","2.3893277184700001","-75.891112216099998","33"
"GUAINIA","94","SAN FELIPE","883","94-883",NA,NA,"0"
"NARIÑO","52","OLAYA  HERRERA","490","52-490",NA,NA,"0"
"CAUCA","19","TIMBIO","807","19-807","2.3497206144599998","-76.677869691500007","10"
"HUILA","41","PAICOL","518","41-518","2.4496143615500001","-75.775097676900003","2"
"NARIÑO","52","FRANCISCO PIZARRO","520","52-520","2.0392668407399999","-78.658282782100002","1"
"CAUCA","19","SOTARA","760","19-760","2.2532172030900002","-76.614170967600003","1"
"CAUCA","19","PURACE","585","19-585","2.38112661665","-76.455192800299997","10"
"CAUCA","19","ARGELIA","050","19-050","2.3251402700599999","-77.255090913299995","1"
"HUILA","41","AGRADO","013","41-013","2.2600184409200001","-75.771049913900001","1"
"CAQUETA","18","PUERTO RICO","592","18-592","1.9109186199799999","-75.158039357700005","11"
"CAUCA","19","PATIA","532","19-532","2.0695034826200001","-77.052519828300007","20"
"GUAINIA","94","PANA PANA","887","94-887",NA,NA,"0"
"HUILA","41","PITAL","548","41-548","2.2672549063199998","-75.804897340500005","5"
"CAUCA","19","ROSAS","622","19-622",NA,NA,"0"
"HUILA","41","GARZON","298","41-298","2.1956528017100001","-75.626738229899999","74"
"NARIÑO","52","ROBERTO PAYAN","621","52-621","1.6969869182299999","-78.244676109300002","1"
"CAUCA","19","LA SIERRA","392","19-392","2.17704168214","-76.763202259899998","1"
"CAQUETA","18","EL DONCELLO","247","18-247","1.67906350715","-75.282837366199999","19"
"GUAVIARE","95","EL RETORNO","025","95-025","2.3307971973599999","-72.627970788400006","2"
"HUILA","41","LA ARGENTINA","378","41-378","2.19897948866","-75.979165449800007","6"
"CAUCA","19","BALBOA","075","19-075","2.0413935585799998","-77.216541210299994","1"
"HUILA","41","TARQUI","791","41-791","2.1095416194599999","-75.8267661971","12"
"NARIÑO","52","MAGUI","427","52-427","1.9095545626099999","-78.083985477300004","5"
"HUILA","41","OPORAPA","503","41-503","2.0241589371400002","-75.997553589500001","10"
"NARIÑO","52","LEIVA","405","52-405","1.93449673792","-77.306665100499998","6"
"CAUCA","19","LA VEGA","397","19-397","2.0046383907499998","-76.781503739200005","8"
"CAQUETA","18","FLORENCIA","001","18-001","1.6158290792800001","-75.607993265800005","143"
"HUILA","41","SALADOBLANCO","660","41-660",NA,NA,"0"
"HUILA","41","GUADALUPE","319","41-319","2.0229734854800001","-75.759038641800004","8"
"HUILA","41","SAN AGUSTIN","668","41-668","1.8814721487799999","-76.270813553899998","18"
"HUILA","41","ALTAMIRA","026","41-026","2.0634089054800002","-75.788655589699999","2"
"HUILA","41","ISNOS","359","41-359","1.9303557787700001","-76.214541830100003","8"
"NARIÑO","52","TUMACO","835","52-835","1.7502997228199999","-78.789400968999999","65"
"CAUCA","19","BOLIVAR","100","19-100","1.8375627029299999","-76.966757199200003","36"
"HUILA","41","ELIAS","244","41-244","2.0133962026700001","-75.938106422199994","1"
"VAUPES","97","PAPUNAUA","777","97-777",NA,NA,"0"
"HUILA","41","SUAZA","770","41-770","1.9769344147100001","-75.794657150899994","2"
"CAUCA","19","SAN SEBASTIAN","693","19-693","1.8385006664900001","-76.768776706500006","5"
"HUILA","41","TIMANA","807","41-807","1.97430010243","-75.932348577200003","7"
"CAUCA","19","ALMAGUER","022","19-022","1.9152537752700001","-76.852817410100002","7"
"GUAVIARE","95","CALAMAR","015","95-015",NA,NA,"0"
"CAUCA","19","MERCADERES","450","19-450","1.80307505355","-77.168729364100002","6"
"HUILA","41","PITALITO","551","41-551","1.8541450511299999","-76.040400406100005","100"
"NARIÑO","52","POLICARPA","540","52-540","1.6286982345100001","-77.458771376499996","26"
"CAUCA","19","SANTA ROSA","701","19-701",NA,NA,"0"
"NARIÑO","52","EL ROSARIO","256","52-256","1.74490322467","-77.334628653500005","1"
"HUILA","41","ACEVEDO","006","41-006","1.6531151071200001","-76.038567474399997","6"
"CAQUETA","18","EL PAUJIL","256","18-256","1.5704911368400001","-75.3267456512","2"
"GUAVIARE","95","MIRAFLORES","200","95-200",NA,NA,"0"
"HUILA","41","PALESTINA","530","41-530","1.7231991236399999","-76.132869099499999","3"
"CAQUETA","18","LA MONTAÑITA","410","18-410","1.48833022079","-75.436147033699996","6"
"NARIÑO","52","CUMBITARA","233","52-233","1.64767179037","-77.578431103900002","3"
"NARIÑO","52","BARBACOAS","079","52-079","1.6735716466799999","-78.138261199400006","5"
"CAQUETA","18","BELEN DE LOS ANDAQUIES","094","18-094","1.4199750745299999","-75.869268836399996","1"
"CAUCA","19","FLORENCIA","290","19-290","1.6158290792800001","-75.607993265800005","2"
"NARIÑO","52","LOS ANDES","418","52-418","1.49420521996","-77.521087538499998","14"
"NARIÑO","52","SAN PABLO","693","52-693","1.6691580391700001","-77.012728339700004","4"
"VAUPES","97","CARURU","161","97-161",NA,NA,"0"
"NARIÑO","52","TAMINANGO","786","52-786","1.57012763762","-77.280727918300002","24"
"NARIÑO","52","COLON","203","52-203","1.1920005765799999","-76.968980033899996","30"
"NARIÑO","52","LA UNION","399","52-399","1.5924771767300001","-77.128385668000007","20"
"NARIÑO","52","SAN LORENZO","687","52-687","1.5028272651700001","-77.215231526599993","6"
"GUAINIA","94","LA GUADALUPE","885","94-885",NA,NA,"0"
"VAUPES","97","MITU","001","97-001","1.2511707885400001","-70.234960261799998","8"
"NARIÑO","52","LA CRUZ","378","52-378","1.6001441675500001","-76.971182370199998","30"
"NARIÑO","52","BELEN","083","52-083","1.5956443044699999","-77.016287833999996","8"
"CAQUETA","18","MORELIA","479","18-479","1.48803902537","-75.726558471700002","2"
"NARIÑO","52","LA LLANADA","385","52-385","1.47292218692","-77.580000424299996","2"
"NARIÑO","52","SAN PEDRO DE CARTAGO","694","52-694","1.5520849351999999","-77.120741972299996","5"
"NARIÑO","52","SAN BERNARDO","685","52-685","1.5144310453800001","-77.047089631099993","6"
"NARIÑO","52","ALBAN","019","52-019",NA,NA,"0"
"NARIÑO","52","ARBOLEDA","051","52-051","1.5034220598400001","-77.135449686699999","3"
"NARIÑO","52","SAMANIEGO","678","52-678","1.3322729097799999","-77.6007321214","71"
"CAUCA","19","PIAMONTE","533","19-533","1.11567690787","-76.326721388300001","1"
"NARIÑO","52","EL TAMBO","260","52-260","1.40798382917","-77.390751148999996","43"
"CAQUETA","18","SAN JOSE DEL FRAGUA","610","18-610","1.3317258384899999","-75.973661854100001","7"
"NARIÑO","52","CHACHAGUI","240","52-240",NA,NA,"0"
"NARIÑO","52","EL TABLON DE GOMEZ","258","52-258","1.42729321308","-77.097346318199996","8"
"NARIÑO","52","LINARES","411","52-411","1.3512783097900001","-77.523626919700007","29"
"NARIÑO","52","RICAURTE","612","52-612","1.21122770251","-77.993992225499994","1"
"NARIÑO","52","BUESACO","110","52-110","1.37209588218","-77.1606740852","3"
"NARIÑO","52","SANTA CRUZ","699","52-699","1.2216452924100001","-77.677294459199999","6"
"NARIÑO","52","LA FLORIDA","381","52-381","1.2991672267800001","-77.407393755699999","11"
"CAQUETA","18","CARTAGENA DEL CHAIRA","150","18-150","1.3340194073","-74.847572015699996","14"
"PUTUMAYO","86","MOCOA","001","86-001","1.1442845075600001","-76.651917500899998","65"
"NARIÑO","52","SANDONA","683","52-683","1.28128758136","-77.477313818799999","46"
"CAQUETA","18","VALPARAISO","860","18-860","1.19761525166","-75.7053662852","9"
"CAQUETA","18","MILAN","460","18-460","1.29064424048","-75.507530310999996","2"
"CAQUETA","18","ALBANIA","029","18-029","132903377181","-758786522147","1"
"NARIÑO","52","PASTO","001","52-001","1.0557848325000001","-77.195514733300001","1131"
"NARIÑO","52","PROVIDENCIA","565","52-565","1.2379913538","-77.5965444343","2"
"NARIÑO","52","MALLAMA","435","52-435","1.1408416181800001","-77.864658333700007","16"
"NARIÑO","52","ANCUYA","036","52-036","1.2624506226800001","-77.514611571900005","40"
"PUTUMAYO","86","SAN FRANCISCO","755","86-755","1.1767402648900001","-76.875892027999996","12"
"NARIÑO","52","TUQUERRES","838","52-838","1.0866390107399999","-77.617853632299997","89"
"NARIÑO","52","CONSACA","207","52-207","1.20719433138","-77.465718413499999","11"
"PUTUMAYO","86","SIBUNDOY","749","86-749","1.2030862150999999","-76.9212871804","42"
"NARIÑO","52","GUAITARILLA","320","52-320","1.1308690001299999","-77.547912056300007","18"
"CAQUETA","18","CURILLO","205","18-205","1.03365529502","-75.920354768500005","4"
"NARIÑO","52","YACUANQUER","885","52-885","1.11562696069","-77.402991348900002","5"
"PUTUMAYO","86","COLON","219","86-219","1.1920005765799999","-76.968980033899996","28"
"CAQUETA","18","SOLANO","756","18-756","0,988639312542","-750658449751","2"
"NARIÑO","52","TANGUA","788","52-788","1.09479364234","-77.394299057599994","2"
"PUTUMAYO","86","SANTIAGO","760","86-760","1.1465700937000001","-77.002511406799997","11"
"NARIÑO","52","IMUES","354","52-354","1.0551982914","-77.496567572299995","8"
"NARIÑO","52","SAPUYES","720","52-720","1.0371752270900001","-77.622239212300002","5"
"NARIÑO","52","FUNES","287","52-287","1.0011207845500001","-77.449373989099996","3"
"CAQUETA","18","SOLITA","785","18-785",NA,NA,"0"
"NARIÑO","52","CUMBAL","227","52-227","0,906450846049","-777912420697","81"
"NARIÑO","52","OSPINA","506","52-506","1.0588340603999999","-77.566180950800003","5"
"PUTUMAYO","86","VILLAGARZON","885","86-885","1.02995420604","-76.6168096886","21"
"VAUPES","97","YAVARATE","889","97-889",NA,NA,"0"
"NARIÑO","52","GUACHUCAL","317","52-317","0,960368495971","-777316556305","49"
"PUTUMAYO","86","PUERTO GUZMAN","571","86-571","0.96389688105100002","-76.408032193400004","7"
"NARIÑO","52","ILES","352","52-352","0.96849585711499997","-77.521395138100004","11"
"NARIÑO","52","PUPIALES","585","52-585","0,8709910533","-776396036189","23"
"NARIÑO","52","GUALMATAN","323","52-323","0,919358440058","-775664755001","10"
"PUTUMAYO","86","ORITO","320","86-320","0,676020477109","-768802098557","27"
"NARIÑO","52","ALDANA","022","52-022","0.88224359638000005","-77.700374818499995","20"
"NARIÑO","52","CONTADERO","210","52-210","0,908386320471","-775478326274","7"
"NARIÑO","52","PUERRES","573","52-573","0.88341483587699998","-77.503005133299993","8"
"NARIÑO","52","CUASPUD","224","52-224","0.7365252068","-77.437884470399993","7"
"NARIÑO","52","CORDOBA","215","52-215","0,853665965806","-7751806895","37"
"NARIÑO","52","IPIALES","356","52-356","0,829031718872","-77646095663","377"
"NARIÑO","52","POTOSI","560","52-560","0,7365252068","-774378844704","21"
"VAUPES","97","PACOA","511","97-511",NA,NA,"0"
"PUTUMAYO","86","PUERTO CAICEDO","569","86-569","0.68506417877400005","-76.604517817300007","5"
"PUTUMAYO","86","PUERTO LEGUIZAMO","573","86-573","-0,184973168422","-747836699476","13"
"PUTUMAYO","86","PUERTO ASIS","568","86-568","0,504218750676","-764978366718","101"
"PUTUMAYO","86","VALLE DEL GUAMUEZ","865","86-865","0,423905142192","-769050395058","16"
"PUTUMAYO","86","VALLE DEL GUAMUEZ","865","86-865","0.42390514219199998","-76.905039505800005","1"
"PUTUMAYO","86","SAN MIGUEL","757","86-757",NA,NA,"0"
"AMAZONAS","91","MIRITI-PARANA","460","91-460",NA,NA,"0"
"VAUPES","97","TARAIRA","666","97-666",NA,NA,"0"
"AMAZONAS","91","PUERTO SANTANDER","669","91-669","-1.0986758956767999","-71.939286893897005","5"
"AMAZONAS","91","LA CHORRERA","405","91-405","-1.2423641464413","-72.758825336947197","1"
"AMAZONAS","91","LA PEDRERA","407","91-407","-1.4323734428449","-70.035395399942999","5"
"AMAZONAS","91","EL ENCANTO","263","91-263","-2.0086230627875001","-72.724005861231007","1"
"AMAZONAS","91","TARAPACA","798","91-798","-2.4594107942004002","-70.001624998557404","2"
"AMAZONAS","91","LETICIA","001","91-001","-4.2120231696900001","-69.940679828900002","81"
"AMAZONAS","91","PUERTO NARIÑO","540","91-540","-3.7899163029","-70.356480139400006","2"
"SUCRE","70","EL ROBLE","233","70-233",NA,NA,"0"
"LA GUAJIRA","44","LA JAGUA DEL PILAR","420","44-420",NA,NA,"0"
"LA GUAJIRA","44","ALBANIA","035","44-035",NA,NA,"0"
"MAGDALENA","47","ZONA BANANERA","980","47-980","10.9052488307","-74.172709595800001","1"
"MAGDALENA","47","ALGARROBO","030","47-030",NA,NA,"0"
"MAGDALENA","47","CONCORDIA","205","47-205","10.257658450899999","-74.833449314700005","1"
"MAGDALENA","47","ZAPAYAN","960","47-960",NA,NA,"0"
"BOLIVAR","13","ARROYOHONDO","062","13-062",NA,NA,"0"
"MAGDALENA","47","SABANAS DE SAN ANGEL","660","47-660",NA,NA,"0"
"MAGDALENA","47","NUEVA GRANADA","460","47-460",NA,NA,"0"
"MAGDALENA","47","SANTA BARBARA DE PINTO","720","47-720","948407099608","-746646296726","108"
"GUAINIA","94","MAPIRIPANA","663","94-663",NA,NA,"0"
"GUAINIA","94","MORICHAL","888","94-888",NA,NA,"0"
"AMAZONAS","91","LA VICTORIA","430","91-430",NA,NA,"0"
"AMAZONAS","91","PUERTO ARICA","536","91-536",NA,NA,"0"
"AMAZONAS","91","PUERTO ALEGRIA","530","91-530",NA,NA,"0"
"NARIÑO","52","EL PEÑOL","254","52-254","1.45363406894","-77.439836289400006","3"
"NARIÑO","52","NARIÑO","480","52-480",NA,NA,"0"
"CAUCA","19","SUCRE","785","19-785",NA,NA,"0"
"CAUCA","19","VILLA RICA","845","19-845","3.1749227125399999","-76.461613714199999","2"
"SUCRE","70","SANTIAGO DE TOLU","820","70-820","9.5088149588099995","-75.588118339299996","7"
"SUCRE","70","COVEÑAS","221","70-221",NA,NA,"0"
"CALDAS","17","LA DORADA","380","17-380","5.4438999940799997","-74.674452152300006","104"
"CALDAS","17","NORCASIA","495","17-495","5.5752763720000003","-74.889179624199997","4"
"CALDAS","17","SAMANA","662","17-662","5.41307433334","-74.992380260499999","19"
"CHOCO","27","MEDIO ATRATO","425","27-425",NA,NA,"0"
"CHOCO","27","ATRATO","050","27-050","5.5311325201699999","-76.636181973199996","1"
"CHOCO","27","RIO QUITO","600","27-600",NA,NA,"0"
"CHOCO","27","CERTEGUI","160","27-160",NA,NA,"0"
"CHOCO","27","UNION PANAMERICANA","810","27-810",NA,NA,"0"
"CHOCO","27","MEDIO BAUDO","430","27-430",NA,NA,"0"
"CHOCO","27","RIO IRO","580","27-580",NA,NA,"0"
"CHOCO","27","MEDIO SAN JUAN","450","27-450","5.09660896906","-76.695530115599993","1"
"CHOCO","27","BELEN DE BAJIRA","086","27-086",NA,NA,"0"
"ANTIOQUIA","05","MUTATA","480","05-480","7.24396317282","-76.436704695499998","3"
"CHOCO","27","CARMEN DEL DARIEN","150","27-150",NA,NA,"0"
"ARCHIPIELAGO DE SAN ANDRES, PROVIDENCIA Y SANTA CATALINA","88","SAN ANDRES","001","88-001","12.582988417899999","-81.696041480600002","156"
"ARCHIPIELAGO DE SAN ANDRES, PROVIDENCIA Y SANTA CATALINA","88","SANTA CATALINA","564","88-564",NA,NA,"0"
"ARCHIPIELAGO DE SAN ANDRES, PROVIDENCIA Y SANTA CATALINA","88","PROVIDENCIA","564","88-564","1.2379913538","-77.5965444343","8"
"AMAZONAS","91","SEDE AMAZONIA","s_amazonia","s_amazonia","-4.189787","-69.938876","AMAZONAS"
"BOGOTA D.C","11","SEDE BOGOTA","s_bogota","s_bogota","4.636445","-74.082885","BOGOTA D.C"
"ARCHIPIELAGO DE SAN ANDRES, PROVIDENCIA Y SANTA CANTALINA","88","SEDE CARIBE","s_caribe","s_caribe","12.536244","-81.707912","ARCHIPIELAGO DE SAN ANDRES, PROVIDENCIA Y SANTA CANTALINA"
"ANTIOQUIA","05","SEDE MEDELLIN","s_medellin","s_medellin","6.261541","-75.577196","ANTIOQUIA"
"CALDAS","17","SEDE MANIZALES","s_manizales","s_manizales","5.056195","-75.490887","CALDAS"
"VALLE DEL CAUCA","76","SEDE PALMIRA","s_palmira","s_palmira","3.512328","-76.30749","VALLE DEL CAUCA"
